fuel,canonical_name,n_top1_obs,n_top1_below,pct_below_top1,n_altri_obs,n_altri_below,pct_below_altri,delta_top1_altri_pp
Benzina,Esso,82,6,7.317073170731707,1886,7,0.3711558854718982,6.945917285259808
Benzina,Tamoil,627,4,0.6379585326953748,823,3,0.3645200486026731,0.2734384840927017
Benzina,Shell,75,0,0.0,79,0,0.0,0.0
Benzina,Q8,1429,0,0.0,1220,4,0.32786885245901637,-0.32786885245901637
Benzina,Api-Ip,743,0,0.0,2741,16,0.5837285662167092,-0.5837285662167092
Benzina,Pompe Bianche,150,0,0.0,6372,99,1.5536723163841808,-1.5536723163841808
Benzina,Agip Eni,764,59,7.722513089005235,3071,897,29.208726799088247,-21.48621371008301
Gasolio,Esso,78,3,3.8461538461538463,1894,16,0.8447729672650475,3.001380878888799
Gasolio,Tamoil,605,4,0.6611570247933884,820,5,0.6097560975609756,0.05140092723241285
Gasolio,Shell,75,0,0.0,78,0,0.0,0.0
Gasolio,Q8,1429,4,0.27991602519244224,1236,9,0.7281553398058253,-0.448239314613383
Gasolio,Api-Ip,743,0,0.0,2740,24,0.8759124087591241,-0.8759124087591241
Gasolio,Pompe Bianche,149,0,0.0,6404,146,2.2798251093066835,-2.2798251093066835
Gasolio,Agip Eni,764,60,7.853403141361256,3070,911,29.674267100977197,-21.82086395961594
