fuel,canonical_name,tipo_impianto,gestore_top1,n_obs,n_below,pct_below_pooled,pct_below_daily_mean,n_top1_obs,share_top1_pct
Benzina,Agip Eni,Autostradale,altri,525,483,92.0,92.0,217,29.245283018867923
Benzina,Agip Eni,Autostradale,top1,217,207,95.39170506912443,95.39170506912443,217,29.245283018867923
Benzina,Agip Eni,Autostradale,Tutte,742,690,92.99191374663073,92.99191374663073,217,29.245283018867923
Benzina,Agip Eni,Stradale,altri,21071,18094,85.87157704902472,85.82658443397396,5167,19.692811952130498
Benzina,Agip Eni,Stradale,top1,5167,4460,86.31701180568996,86.2229083796151,5167,19.692811952130498
Benzina,Agip Eni,Stradale,Tutte,26238,22554,85.95929567802423,85.90603600659155,5167,19.692811952130498
Benzina,Agip Eni,Tutte,altri,21596,18577,86.02055936284498,85.97723663603885,5384,19.95552260934025
Benzina,Agip Eni,Tutte,top1,5384,4667,86.68276374442794,86.59486736150909,5384,19.95552260934025
Benzina,Agip Eni,Tutte,Tutte,26980,23244,86.1527057079318,86.1017221949581,5384,19.95552260934025
Benzina,Api-Ip,Autostradale,altri,525,327,62.28571428571429,62.56614509246088,126,19.35483870967742
Benzina,Api-Ip,Autostradale,top1,126,106,84.12698412698413,84.12698412698413,126,19.35483870967742
Benzina,Api-Ip,Autostradale,Tutte,651,433,66.51305683563749,66.72894188262276,126,19.35483870967742
Benzina,Api-Ip,Stradale,altri,18674,3780,20.242047766948698,20.253702516815093,5080,21.38587185316157
Benzina,Api-Ip,Stradale,top1,5080,2153,42.381889763779526,42.37373285022188,5080,21.38587185316157
Benzina,Api-Ip,Stradale,Tutte,23754,5933,24.976846004883388,24.9823143734992,5080,21.38587185316157
Benzina,Api-Ip,Tutte,altri,19199,4107,21.39173915308089,21.404903100604596,5206,21.331694324933416
Benzina,Api-Ip,Tutte,top1,5206,2259,43.39223972339608,43.38410417351502,5206,21.331694324933416
Benzina,Api-Ip,Tutte,Tutte,24405,6366,26.084818684695758,26.091489347427476,5206,21.331694324933416
Benzina,Esso,Autostradale,altri,406,26,6.403940886699508,6.403940886699507,0,0.0
Benzina,Esso,Autostradale,Tutte,406,26,6.403940886699508,6.403940886699507,0,0.0
Benzina,Esso,Stradale,altri,12783,1511,11.82038645075491,11.82151820652149,566,4.240017978874822
Benzina,Esso,Stradale,top1,566,121,21.37809187279152,21.48180410375532,566,4.240017978874822
Benzina,Esso,Stradale,Tutte,13349,1632,12.225634879017155,12.228864185725808,566,4.240017978874822
Benzina,Esso,Tutte,altri,13189,1537,11.653650769580711,11.654728710348966,566,4.1148673209741915
Benzina,Esso,Tutte,top1,566,121,21.37809187279152,21.48180410375532,566,4.1148673209741915
Benzina,Esso,Tutte,Tutte,13755,1658,12.053798618684116,12.056862274770452,566,4.1148673209741915
Benzina,Pompe Bianche,Autostradale,altri,392,61,15.561224489795919,15.561224489795919,0,0.0
Benzina,Pompe Bianche,Autostradale,Tutte,392,61,15.561224489795919,15.561224489795919,0,0.0
Benzina,Pompe Bianche,Stradale,altri,44401,5921,13.335285241323394,13.324387981630542,1056,2.3230745539740854
Benzina,Pompe Bianche,Stradale,top1,1056,3,0.2840909090909091,0.2838221381267739,1056,2.3230745539740854
Benzina,Pompe Bianche,Stradale,Tutte,45457,5924,13.032096266801593,13.021440175018947,1056,2.3230745539740854
Benzina,Pompe Bianche,Tutte,altri,44793,5982,13.354765253499432,13.34393787334201,1056,2.3032127200157038
Benzina,Pompe Bianche,Tutte,top1,1056,3,0.2840909090909091,0.2838221381267739,1056,2.3032127200157038
Benzina,Pompe Bianche,Tutte,Tutte,45849,5985,13.053719819407183,13.04312771128261,1056,2.3032127200157038
Benzina,Q8,Autostradale,altri,564,182,32.269503546099294,32.235449735449734,14,2.422145328719723
Benzina,Q8,Autostradale,top1,14,6,42.857142857142854,42.857142857142854,14,2.422145328719723
Benzina,Q8,Autostradale,Tutte,578,188,32.52595155709342,32.49233869275009,14,2.422145328719723
Benzina,Q8,Stradale,altri,7993,2139,26.760915801326163,26.80431194229823,10042,55.680621014693656
Benzina,Q8,Stradale,top1,10042,4320,43.01931886078471,42.976577545890294,10042,55.680621014693656
Benzina,Q8,Stradale,Tutte,18035,6459,35.81369559190463,35.819497134526344,10042,55.680621014693656
Benzina,Q8,Tutte,altri,8557,2321,27.123992053289705,27.16379104334942,10056,54.0267554934723
Benzina,Q8,Tutte,top1,10056,4326,43.01909307875895,42.97641135658447,10056,54.0267554934723
Benzina,Q8,Tutte,Tutte,18613,6647,35.71159941976038,35.71608510161991,10056,54.0267554934723
Benzina,Shell,Stradale,altri,553,4,0.7233273056057866,0.7233273056057866,525,48.701298701298704
Benzina,Shell,Stradale,top1,525,35,6.666666666666667,6.666666666666667,525,48.701298701298704
Benzina,Shell,Stradale,Tutte,1078,39,3.6178107606679033,3.6178107606679037,525,48.701298701298704
Benzina,Shell,Tutte,altri,553,4,0.7233273056057866,0.7233273056057866,525,48.701298701298704
Benzina,Shell,Tutte,top1,525,35,6.666666666666667,6.666666666666667,525,48.701298701298704
Benzina,Shell,Tutte,Tutte,1078,39,3.6178107606679033,3.6178107606679037,525,48.701298701298704
Benzina,Tamoil,Autostradale,altri,255,8,3.1372549019607843,3.1317031317031314,56,18.006430868167204
Benzina,Tamoil,Autostradale,top1,56,0,0.0,0.0,56,18.006430868167204
Benzina,Tamoil,Autostradale,Tutte,311,8,2.572347266881029,2.5685425685425685,56,18.006430868167204
Benzina,Tamoil,Stradale,altri,5478,1427,26.049653158086894,26.110582862220806,4333,44.16471307715829
Benzina,Tamoil,Stradale,top1,4333,1249,28.82529425340411,28.82529425340411,4333,44.16471307715829
Benzina,Tamoil,Stradale,Tutte,9811,2676,27.275507083885437,27.31142210673701,4333,44.16471307715829
Benzina,Tamoil,Tutte,altri,5733,1435,25.03052503052503,25.08855547829973,4389,43.36099585062241
Benzina,Tamoil,Tutte,top1,4389,1249,28.457507404875827,28.457507404875827,4389,43.36099585062241
Benzina,Tamoil,Tutte,Tutte,10122,2684,26.516498715668842,26.551792980190367,4389,43.36099585062241
Benzina,Tutte,Autostradale,altri,2667,1087,40.75740532433446,40.75184766963374,413,13.40909090909091
Benzina,Tutte,Autostradale,top1,413,319,77.23970944309927,77.23970944309927,413,13.40909090909091
Benzina,Tutte,Autostradale,Tutte,3080,1406,45.64935064935065,45.643278384434076,413,13.40909090909091
Benzina,Tutte,Stradale,altri,110953,32876,29.630564292988925,29.62353164578775,26769,19.436981745835812
Benzina,Tutte,Stradale,top1,26769,12341,46.10183421121447,46.07620211639404,26769,19.436981745835812
Benzina,Tutte,Stradale,Tutte,137722,45217,32.83208202030177,32.822472724758256,26769,19.436981745835812
Benzina,Tutte,Tutte,altri,113620,33963,29.891744411195216,29.88471379268102,27182,19.30512350676837
Benzina,Tutte,Tutte,top1,27182,12660,46.57493929806489,46.549721723675326,27182,19.30512350676837
Benzina,Tutte,Tutte,Tutte,140802,46623,33.11245578898027,33.10290149210696,27182,19.30512350676837
Gasolio,Agip Eni,Autostradale,altri,574,530,92.33449477351915,92.33449477351917,217,27.43362831858407
Gasolio,Agip Eni,Autostradale,top1,217,207,95.39170506912443,95.39170506912443,217,27.43362831858407
Gasolio,Agip Eni,Autostradale,Tutte,791,737,93.17319848293299,93.17319848293299,217,27.43362831858407
Gasolio,Agip Eni,Stradale,altri,21024,18097,86.07781582952816,86.0291151943271,5167,19.728150891527623
Gasolio,Agip Eni,Stradale,top1,5167,4467,86.4524869363267,86.35838461272706,5167,19.728150891527623
Gasolio,Agip Eni,Stradale,Tutte,26191,22564,86.15173151082432,86.09516055641014,5167,19.728150891527623
Gasolio,Agip Eni,Tutte,altri,21598,18627,86.24409667561811,86.19737627514704,5384,19.954043436364984
Gasolio,Agip Eni,Tutte,top1,5384,4674,86.81277860326895,86.7248831945915,5384,19.954043436364984
Gasolio,Agip Eni,Tutte,Tutte,26982,23301,86.35757171447632,86.30358098711318,5384,19.954043436364984
Gasolio,Api-Ip,Autostradale,altri,526,329,62.547528517110266,62.66646345593714,126,19.32515337423313
Gasolio,Api-Ip,Autostradale,top1,126,106,84.12698412698413,84.12698412698413,126,19.32515337423313
Gasolio,Api-Ip,Autostradale,Tutte,652,435,66.71779141104295,66.82016992288246,126,19.32515337423313
Gasolio,Api-Ip,Stradale,altri,18671,3854,20.64163676289433,20.650062040926887,5080,21.388573112711043
Gasolio,Api-Ip,Stradale,top1,5080,2053,40.41338582677165,40.406003609765364,5080,21.388573112711043
Gasolio,Api-Ip,Stradale,Tutte,23751,5907,24.87053176708349,24.873139015206952,5080,21.388573112711043
Gasolio,Api-Ip,Tutte,altri,19197,4183,21.789862999426994,21.799005932152358,5206,21.333442609515224
Gasolio,Api-Ip,Tutte,top1,5206,2159,41.47137917787169,41.4639812856502,5206,21.333442609515224
Gasolio,Api-Ip,Tutte,Tutte,24403,6342,25.988607958037946,25.991944909902053,5206,21.333442609515224
Gasolio,Esso,Autostradale,altri,476,19,3.9915966386554618,3.991596638655462,0,0.0
Gasolio,Esso,Autostradale,Tutte,476,19,3.9915966386554618,3.991596638655462,0,0.0
Gasolio,Esso,Stradale,altri,12771,1528,11.964607313444523,11.967508303834633,562,4.2151053776344405
Gasolio,Esso,Stradale,top1,562,91,16.19217081850534,16.184371184371184,562,4.2151053776344405
Gasolio,Esso,Stradale,Tutte,13333,1619,12.142803570089253,12.144423035876272,562,4.2151053776344405
Gasolio,Esso,Tutte,altri,13247,1547,11.678115799803729,11.680780462372374,562,4.069809544499964
Gasolio,Esso,Tutte,top1,562,91,16.19217081850534,16.184371184371184,562,4.069809544499964
Gasolio,Esso,Tutte,Tutte,13809,1638,11.861829241798826,11.863311632026505,562,4.069809544499964
Gasolio,Pompe Bianche,Autostradale,altri,691,105,15.195369030390736,15.410898379970545,0,0.0
Gasolio,Pompe Bianche,Autostradale,Tutte,691,105,15.195369030390736,15.410898379970545,0,0.0
Gasolio,Pompe Bianche,Stradale,altri,44223,6554,14.820342355787714,14.819379256238694,1047,2.3127899271040424
Gasolio,Pompe Bianche,Stradale,top1,1047,3,0.28653295128939826,0.2869926494087568,1047,2.3127899271040424
Gasolio,Pompe Bianche,Stradale,Tutte,45270,6557,14.484205875855977,14.483534681293376,1047,2.3127899271040424
Gasolio,Pompe Bianche,Tutte,altri,44914,6659,14.8261121253952,14.827312176293518,1047,2.2780183198798984
Gasolio,Pompe Bianche,Tutte,top1,1047,3,0.28653295128939826,0.2869926494087568,1047,2.2780183198798984
Gasolio,Pompe Bianche,Tutte,Tutte,45961,6662,14.494897848175627,14.496301205412363,1047,2.2780183198798984
Gasolio,Q8,Autostradale,altri,663,180,27.149321266968325,27.06766917293233,14,2.06794682422452
Gasolio,Q8,Autostradale,top1,14,6,42.857142857142854,42.857142857142854,14,2.06794682422452
Gasolio,Q8,Autostradale,Tutte,677,186,27.474150664697195,27.393225331369656,14,2.06794682422452
Gasolio,Q8,Stradale,altri,7998,2183,27.294323580895224,27.345516005982656,9998,55.556790397866195
Gasolio,Q8,Stradale,top1,9998,4300,43.00860172034407,42.98726492420737,9998,55.556790397866195
Gasolio,Q8,Stradale,Tutte,17996,6483,36.02467214936652,36.045636359549796,9998,55.556790397866195
Gasolio,Q8,Tutte,altri,8661,2363,27.283223646230226,27.324484843222496,10012,53.61752262625181
Gasolio,Q8,Tutte,top1,10012,4306,43.008389932081506,42.987082837486206,10012,53.61752262625181
Gasolio,Q8,Tutte,Tutte,18673,6669,35.71466823756226,35.730931815807615,10012,53.61752262625181
Gasolio,Shell,Stradale,altri,546,4,0.7326007326007326,0.7326007326007326,525,49.01960784313725
Gasolio,Shell,Stradale,top1,525,30,5.714285714285714,5.714285714285715,525,49.01960784313725
Gasolio,Shell,Stradale,Tutte,1071,34,3.1746031746031744,3.1746031746031744,525,49.01960784313725
Gasolio,Shell,Tutte,altri,546,4,0.7326007326007326,0.7326007326007326,525,49.01960784313725
Gasolio,Shell,Tutte,top1,525,30,5.714285714285714,5.714285714285715,525,49.01960784313725
Gasolio,Shell,Tutte,Tutte,1071,34,3.1746031746031744,3.1746031746031744,525,49.01960784313725
Gasolio,Tamoil,Autostradale,altri,298,14,4.697986577181208,4.706533776301218,56,15.819209039548024
Gasolio,Tamoil,Autostradale,top1,56,0,0.0,0.0,56,15.819209039548024
Gasolio,Tamoil,Autostradale,Tutte,354,14,3.954802259887006,3.9607843137254903,56,15.819209039548024
Gasolio,Tamoil,Stradale,altri,5409,1386,25.62396006655574,25.677323328282398,4185,43.62101313320825
Gasolio,Tamoil,Stradale,top1,4185,1216,29.05615292712067,29.049371719242817,4185,43.62101313320825
Gasolio,Tamoil,Stradale,Tutte,9594,2602,27.121117365019803,27.15074848925271,4185,43.62101313320825
Gasolio,Tamoil,Tutte,altri,5707,1400,24.53127737865779,24.585806740463845,4241,42.63168476075593
Gasolio,Tamoil,Tutte,top1,4241,1216,28.672482904975244,28.665879574970486,4241,42.63168476075593
Gasolio,Tamoil,Tutte,Tutte,9948,2616,26.29674306393245,26.32843987835728,4241,42.63168476075593
Gasolio,Tutte,Autostradale,altri,3228,1177,36.46220570012392,36.506261942336565,413,11.343037627025543
Gasolio,Tutte,Autostradale,top1,413,319,77.23970944309927,77.23970944309927,413,11.343037627025543
Gasolio,Tutte,Autostradale,Tutte,3641,1496,41.08761329305136,41.124229429016566,413,11.343037627025543
Gasolio,Tutte,Stradale,altri,110642,33606,30.373637497514505,30.37288511422082,26564,19.360669358482866
Gasolio,Tutte,Stradale,top1,26564,12160,45.776238518295436,45.755106029091465,26564,19.360669358482866
Gasolio,Tutte,Stradale,Tutte,137206,45766,33.35568415375421,33.35277563269988,26564,19.360669358482866
Gasolio,Tutte,Tutte,altri,113870,34783,30.546236936857817,30.546572027688136,26977,19.1534075983159
Gasolio,Tutte,Tutte,top1,26977,12479,46.25792341624347,46.23713307067499,26977,19.1534075983159
Gasolio,Tutte,Tutte,Tutte,140847,47262,33.55556028882404,33.553789602604,26977,19.1534075983159
