date,fuel,canonical_name,tipo_impianto,gestore_top1,n_obs,n_below,pct_below,n_top1_obs,share_top1_pct
2026-09-28,Benzina,Agip Eni,Autostradale,altri,75,49,65.33333333333333,31,29.245283018867923
2026-09-28,Benzina,Agip Eni,Autostradale,top1,31,21,67.74193548387096,31,29.245283018867923
2026-09-28,Benzina,Agip Eni,Autostradale,Tutte,106,70,66.0377358490566,31,29.245283018867923
2026-09-28,Benzina,Agip Eni,Stradale,altri,2996,848,28.304405874499334,733,19.656744435505498
2026-09-28,Benzina,Agip Eni,Stradale,top1,733,38,5.184174624829468,733,19.656744435505498
2026-09-28,Benzina,Agip Eni,Stradale,Tutte,3729,886,23.75972110485385,733,19.656744435505498
2026-09-28,Benzina,Agip Eni,Tutte,altri,3071,897,29.208726799088247,764,19.921773142112126
2026-09-28,Benzina,Agip Eni,Tutte,top1,764,59,7.722513089005235,764,19.921773142112126
2026-09-28,Benzina,Agip Eni,Tutte,Tutte,3835,956,24.928292046936114,764,19.921773142112126
2026-09-28,Benzina,Api-Ip,Autostradale,altri,76,0,0.0,18,19.148936170212767
2026-09-28,Benzina,Api-Ip,Autostradale,top1,18,0,0.0,18,19.148936170212767
2026-09-28,Benzina,Api-Ip,Autostradale,Tutte,94,0,0.0,18,19.148936170212767
2026-09-28,Benzina,Api-Ip,Stradale,altri,2665,16,0.600375234521576,725,21.386430678466077
2026-09-28,Benzina,Api-Ip,Stradale,top1,725,0,0.0,725,21.386430678466077
2026-09-28,Benzina,Api-Ip,Stradale,Tutte,3390,16,0.471976401179941,725,21.386430678466077
2026-09-28,Benzina,Api-Ip,Tutte,altri,2741,16,0.5837285662167092,743,21.32606199770379
2026-09-28,Benzina,Api-Ip,Tutte,top1,743,0,0.0,743,21.32606199770379
2026-09-28,Benzina,Api-Ip,Tutte,Tutte,3484,16,0.4592422502870264,743,21.32606199770379
2026-09-28,Benzina,Esso,Autostradale,altri,58,2,3.4482758620689653,0,0.0
2026-09-28,Benzina,Esso,Autostradale,Tutte,58,2,3.4482758620689653,0,0.0
2026-09-28,Benzina,Esso,Stradale,altri,1828,5,0.2735229759299781,82,4.293193717277487
2026-09-28,Benzina,Esso,Stradale,top1,82,6,7.317073170731707,82,4.293193717277487
2026-09-28,Benzina,Esso,Stradale,Tutte,1910,11,0.5759162303664921,82,4.293193717277487
2026-09-28,Benzina,Esso,Tutte,altri,1886,7,0.3711558854718982,82,4.166666666666666
2026-09-28,Benzina,Esso,Tutte,top1,82,6,7.317073170731707,82,4.166666666666666
2026-09-28,Benzina,Esso,Tutte,Tutte,1968,13,0.660569105691057,82,4.166666666666666
2026-09-28,Benzina,Pompe Bianche,Autostradale,altri,56,0,0.0,0,0.0
2026-09-28,Benzina,Pompe Bianche,Autostradale,Tutte,56,0,0.0,0,0.0
2026-09-28,Benzina,Pompe Bianche,Stradale,altri,6316,99,1.5674477517416086,150,2.3198267862666255
2026-09-28,Benzina,Pompe Bianche,Stradale,top1,150,0,0.0,150,2.3198267862666255
2026-09-28,Benzina,Pompe Bianche,Stradale,Tutte,6466,99,1.5310856789359728,150,2.3198267862666255
2026-09-28,Benzina,Pompe Bianche,Tutte,altri,6372,99,1.5536723163841808,150,2.2999080036798527
2026-09-28,Benzina,Pompe Bianche,Tutte,top1,150,0,0.0,150,2.2999080036798527
2026-09-28,Benzina,Pompe Bianche,Tutte,Tutte,6522,99,1.517939282428703,150,2.2999080036798527
2026-09-28,Benzina,Q8,Autostradale,altri,79,0,0.0,2,2.4691358024691357
2026-09-28,Benzina,Q8,Autostradale,top1,2,0,0.0,2,2.4691358024691357
2026-09-28,Benzina,Q8,Autostradale,Tutte,81,0,0.0,2,2.4691358024691357
2026-09-28,Benzina,Q8,Stradale,altri,1141,4,0.35056967572305,1427,55.568535825545176
2026-09-28,Benzina,Q8,Stradale,top1,1427,0,0.0,1427,55.568535825545176
2026-09-28,Benzina,Q8,Stradale,Tutte,2568,4,0.1557632398753894,1427,55.568535825545176
2026-09-28,Benzina,Q8,Tutte,altri,1220,4,0.32786885245901637,1429,53.94488486221215
2026-09-28,Benzina,Q8,Tutte,top1,1429,0,0.0,1429,53.94488486221215
2026-09-28,Benzina,Q8,Tutte,Tutte,2649,4,0.15100037750094375,1429,53.94488486221215
2026-09-28,Benzina,Shell,Stradale,altri,79,0,0.0,75,48.701298701298704
2026-09-28,Benzina,Shell,Stradale,top1,75,0,0.0,75,48.701298701298704
2026-09-28,Benzina,Shell,Stradale,Tutte,154,0,0.0,75,48.701298701298704
2026-09-28,Benzina,Shell,Tutte,altri,79,0,0.0,75,48.701298701298704
2026-09-28,Benzina,Shell,Tutte,top1,75,0,0.0,75,48.701298701298704
2026-09-28,Benzina,Shell,Tutte,Tutte,154,0,0.0,75,48.701298701298704
2026-09-28,Benzina,Tamoil,Autostradale,altri,36,0,0.0,8,18.181818181818183
2026-09-28,Benzina,Tamoil,Autostradale,top1,8,0,0.0,8,18.181818181818183
2026-09-28,Benzina,Tamoil,Autostradale,Tutte,44,0,0.0,8,18.181818181818183
2026-09-28,Benzina,Tamoil,Stradale,altri,787,3,0.3811944091486658,619,44.02560455192034
2026-09-28,Benzina,Tamoil,Stradale,top1,619,4,0.6462035541195477,619,44.02560455192034
2026-09-28,Benzina,Tamoil,Stradale,Tutte,1406,7,0.4978662873399715,619,44.02560455192034
2026-09-28,Benzina,Tamoil,Tutte,altri,823,3,0.3645200486026731,627,43.24137931034483
2026-09-28,Benzina,Tamoil,Tutte,top1,627,4,0.6379585326953748,627,43.24137931034483
2026-09-28,Benzina,Tamoil,Tutte,Tutte,1450,7,0.4827586206896552,627,43.24137931034483
2026-09-28,Benzina,Tutte,Autostradale,altri,380,51,13.421052631578947,59,13.439635535307518
2026-09-28,Benzina,Tutte,Autostradale,top1,59,21,35.59322033898305,59,13.439635535307518
2026-09-28,Benzina,Tutte,Autostradale,Tutte,439,72,16.40091116173121,59,13.439635535307518
2026-09-28,Benzina,Tutte,Stradale,altri,15812,975,6.166202883885656,3811,19.421087499362994
2026-09-28,Benzina,Tutte,Stradale,top1,3811,48,1.2595119391235896,3811,19.421087499362994
2026-09-28,Benzina,Tutte,Stradale,Tutte,19623,1023,5.213270142180095,3811,19.421087499362994
2026-09-28,Benzina,Tutte,Tutte,altri,16192,1026,6.336462450592885,3870,19.290200378825638
2026-09-28,Benzina,Tutte,Tutte,top1,3870,69,1.7829457364341086,3870,19.290200378825638
2026-09-28,Benzina,Tutte,Tutte,Tutte,20062,1095,5.45807995214834,3870,19.290200378825638
2026-09-28,Gasolio,Agip Eni,Autostradale,altri,82,54,65.85365853658537,31,27.43362831858407
2026-09-28,Gasolio,Agip Eni,Autostradale,top1,31,21,67.74193548387096,31,27.43362831858407
2026-09-28,Gasolio,Agip Eni,Autostradale,Tutte,113,75,66.3716814159292,31,27.43362831858407
2026-09-28,Gasolio,Agip Eni,Stradale,altri,2988,857,28.681392235609103,733,19.69900564364418
2026-09-28,Gasolio,Agip Eni,Stradale,top1,733,39,5.320600272851296,733,19.69900564364418
2026-09-28,Gasolio,Agip Eni,Stradale,Tutte,3721,896,24.079548508465468,733,19.69900564364418
2026-09-28,Gasolio,Agip Eni,Tutte,altri,3070,911,29.674267100977197,764,19.92696922274387
2026-09-28,Gasolio,Agip Eni,Tutte,top1,764,60,7.853403141361256,764,19.92696922274387
2026-09-28,Gasolio,Agip Eni,Tutte,Tutte,3834,971,25.32603025560772,764,19.92696922274387
2026-09-28,Gasolio,Api-Ip,Autostradale,altri,76,0,0.0,18,19.148936170212767
2026-09-28,Gasolio,Api-Ip,Autostradale,top1,18,0,0.0,18,19.148936170212767
2026-09-28,Gasolio,Api-Ip,Autostradale,Tutte,94,0,0.0,18,19.148936170212767
2026-09-28,Gasolio,Api-Ip,Stradale,altri,2664,24,0.9009009009009009,725,21.392741221599294
2026-09-28,Gasolio,Api-Ip,Stradale,top1,725,0,0.0,725,21.392741221599294
2026-09-28,Gasolio,Api-Ip,Stradale,Tutte,3389,24,0.7081735025081145,725,21.392741221599294
2026-09-28,Gasolio,Api-Ip,Tutte,altri,2740,24,0.8759124087591241,743,21.33218489807637
2026-09-28,Gasolio,Api-Ip,Tutte,top1,743,0,0.0,743,21.33218489807637
2026-09-28,Gasolio,Api-Ip,Tutte,Tutte,3483,24,0.6890611541774333,743,21.33218489807637
2026-09-28,Gasolio,Esso,Autostradale,altri,68,2,2.941176470588235,0,0.0
2026-09-28,Gasolio,Esso,Autostradale,Tutte,68,2,2.941176470588235,0,0.0
2026-09-28,Gasolio,Esso,Stradale,altri,1826,14,0.7667031763417306,78,4.0966386554621845
2026-09-28,Gasolio,Esso,Stradale,top1,78,3,3.8461538461538463,78,4.0966386554621845
2026-09-28,Gasolio,Esso,Stradale,Tutte,1904,17,0.8928571428571428,78,4.0966386554621845
2026-09-28,Gasolio,Esso,Tutte,altri,1894,16,0.8447729672650475,78,3.9553752535496955
2026-09-28,Gasolio,Esso,Tutte,top1,78,3,3.8461538461538463,78,3.9553752535496955
2026-09-28,Gasolio,Esso,Tutte,Tutte,1972,19,0.9634888438133874,78,3.9553752535496955
2026-09-28,Gasolio,Pompe Bianche,Autostradale,altri,100,0,0.0,0,0.0
2026-09-28,Gasolio,Pompe Bianche,Autostradale,Tutte,100,0,0.0,0,0.0
2026-09-28,Gasolio,Pompe Bianche,Stradale,altri,6304,146,2.315989847715736,149,2.3090035642336897
2026-09-28,Gasolio,Pompe Bianche,Stradale,top1,149,0,0.0,149,2.3090035642336897
2026-09-28,Gasolio,Pompe Bianche,Stradale,Tutte,6453,146,2.2625135595846895,149,2.3090035642336897
2026-09-28,Gasolio,Pompe Bianche,Tutte,altri,6404,146,2.2798251093066835,149,2.2737677399664276
2026-09-28,Gasolio,Pompe Bianche,Tutte,top1,149,0,0.0,149,2.2737677399664276
2026-09-28,Gasolio,Pompe Bianche,Tutte,Tutte,6553,146,2.2279871814436136,149,2.2737677399664276
2026-09-28,Gasolio,Q8,Autostradale,altri,93,0,0.0,2,2.1052631578947367
2026-09-28,Gasolio,Q8,Autostradale,top1,2,0,0.0,2,2.1052631578947367
2026-09-28,Gasolio,Q8,Autostradale,Tutte,95,0,0.0,2,2.1052631578947367
2026-09-28,Gasolio,Q8,Stradale,altri,1143,9,0.7874015748031495,1427,55.525291828793776
2026-09-28,Gasolio,Q8,Stradale,top1,1427,4,0.2803083391730904,1427,55.525291828793776
2026-09-28,Gasolio,Q8,Stradale,Tutte,2570,13,0.5058365758754864,1427,55.525291828793776
2026-09-28,Gasolio,Q8,Tutte,altri,1236,9,0.7281553398058253,1429,53.62101313320825
2026-09-28,Gasolio,Q8,Tutte,top1,1429,4,0.27991602519244224,1429,53.62101313320825
2026-09-28,Gasolio,Q8,Tutte,Tutte,2665,13,0.4878048780487805,1429,53.62101313320825
2026-09-28,Gasolio,Shell,Stradale,altri,78,0,0.0,75,49.01960784313725
2026-09-28,Gasolio,Shell,Stradale,top1,75,0,0.0,75,49.01960784313725
2026-09-28,Gasolio,Shell,Stradale,Tutte,153,0,0.0,75,49.01960784313725
2026-09-28,Gasolio,Shell,Tutte,altri,78,0,0.0,75,49.01960784313725
2026-09-28,Gasolio,Shell,Tutte,top1,75,0,0.0,75,49.01960784313725
2026-09-28,Gasolio,Shell,Tutte,Tutte,153,0,0.0,75,49.01960784313725
2026-09-28,Gasolio,Tamoil,Autostradale,altri,43,0,0.0,8,15.686274509803921
2026-09-28,Gasolio,Tamoil,Autostradale,top1,8,0,0.0,8,15.686274509803921
2026-09-28,Gasolio,Tamoil,Autostradale,Tutte,51,0,0.0,8,15.686274509803921
2026-09-28,Gasolio,Tamoil,Stradale,altri,777,5,0.6435006435006435,597,43.44978165938865
2026-09-28,Gasolio,Tamoil,Stradale,top1,597,4,0.6700167504187605,597,43.44978165938865
2026-09-28,Gasolio,Tamoil,Stradale,Tutte,1374,9,0.6550218340611353,597,43.44978165938865
2026-09-28,Gasolio,Tamoil,Tutte,altri,820,5,0.6097560975609756,605,42.45614035087719
2026-09-28,Gasolio,Tamoil,Tutte,top1,605,4,0.6611570247933884,605,42.45614035087719
2026-09-28,Gasolio,Tamoil,Tutte,Tutte,1425,9,0.631578947368421,605,42.45614035087719
2026-09-28,Gasolio,Tutte,Autostradale,altri,462,56,12.121212121212121,59,11.324376199616124
2026-09-28,Gasolio,Tutte,Autostradale,top1,59,21,35.59322033898305,59,11.324376199616124
2026-09-28,Gasolio,Tutte,Autostradale,Tutte,521,77,14.779270633397312,59,11.324376199616124
2026-09-28,Gasolio,Tutte,Stradale,altri,15780,1055,6.685678073510773,3784,19.341647924759762
2026-09-28,Gasolio,Tutte,Stradale,top1,3784,50,1.3213530655391121,3784,19.341647924759762
2026-09-28,Gasolio,Tutte,Stradale,Tutte,19564,1105,5.648129216929053,3784,19.341647924759762
2026-09-28,Gasolio,Tutte,Tutte,altri,16242,1111,6.840290604605344,3843,19.133681852128454
2026-09-28,Gasolio,Tutte,Tutte,top1,3843,71,1.8475149622690608,3843,19.133681852128454
2026-09-28,Gasolio,Tutte,Tutte,Tutte,20085,1182,5.884988797610157,3843,19.133681852128454
2026-09-29,Benzina,Agip Eni,Autostradale,altri,75,70,93.33333333333333,31,29.245283018867923
2026-09-29,Benzina,Agip Eni,Autostradale,top1,31,31,100.0,31,29.245283018867923
2026-09-29,Benzina,Agip Eni,Autostradale,Tutte,106,101,95.28301886792453,31,29.245283018867923
2026-09-29,Benzina,Agip Eni,Stradale,altri,3012,2754,91.43426294820716,739,19.70141295654492
2026-09-29,Benzina,Agip Eni,Stradale,top1,739,737,99.72936400541272,739,19.70141295654492
2026-09-29,Benzina,Agip Eni,Stradale,Tutte,3751,3491,93.06851506264996,739,19.70141295654492
2026-09-29,Benzina,Agip Eni,Tutte,altri,3087,2824,91.48040168448331,770,19.96370235934664
2026-09-29,Benzina,Agip Eni,Tutte,top1,770,768,99.74025974025975,770,19.96370235934664
2026-09-29,Benzina,Agip Eni,Tutte,Tutte,3857,3592,93.12937516204303,770,19.96370235934664
2026-09-29,Benzina,Api-Ip,Autostradale,altri,76,1,1.3157894736842104,18,19.148936170212767
2026-09-29,Benzina,Api-Ip,Autostradale,top1,18,16,88.88888888888889,18,19.148936170212767
2026-09-29,Benzina,Api-Ip,Autostradale,Tutte,94,17,18.085106382978726,18,19.148936170212767
2026-09-29,Benzina,Api-Ip,Stradale,altri,2672,35,1.309880239520958,725,21.342360906682366
2026-09-29,Benzina,Api-Ip,Stradale,top1,725,314,43.310344827586206,725,21.342360906682366
2026-09-29,Benzina,Api-Ip,Stradale,Tutte,3397,349,10.273770974389167,725,21.342360906682366
2026-09-29,Benzina,Api-Ip,Tutte,altri,2748,36,1.3100436681222707,743,21.283299914064738
2026-09-29,Benzina,Api-Ip,Tutte,top1,743,330,44.414535666218036,743,21.283299914064738
2026-09-29,Benzina,Api-Ip,Tutte,Tutte,3491,366,10.48410197651103,743,21.283299914064738
2026-09-29,Benzina,Esso,Autostradale,altri,58,4,6.896551724137931,0,0.0
2026-09-29,Benzina,Esso,Autostradale,Tutte,58,4,6.896551724137931,0,0.0
2026-09-29,Benzina,Esso,Stradale,altri,1830,23,1.2568306010928962,81,4.23861852433281
2026-09-29,Benzina,Esso,Stradale,top1,81,5,6.172839506172839,81,4.23861852433281
2026-09-29,Benzina,Esso,Stradale,Tutte,1911,28,1.465201465201465,81,4.23861852433281
2026-09-29,Benzina,Esso,Tutte,altri,1888,27,1.430084745762712,81,4.113763331640427
2026-09-29,Benzina,Esso,Tutte,top1,81,5,6.172839506172839,81,4.113763331640427
2026-09-29,Benzina,Esso,Tutte,Tutte,1969,32,1.6251904520060942,81,4.113763331640427
2026-09-29,Benzina,Pompe Bianche,Autostradale,altri,56,2,3.571428571428571,0,0.0
2026-09-29,Benzina,Pompe Bianche,Autostradale,Tutte,56,2,3.571428571428571,0,0.0
2026-09-29,Benzina,Pompe Bianche,Stradale,altri,6339,247,3.896513645685439,151,2.3266563944530043
2026-09-29,Benzina,Pompe Bianche,Stradale,top1,151,0,0.0,151,2.3266563944530043
2026-09-29,Benzina,Pompe Bianche,Stradale,Tutte,6490,247,3.805855161787365,151,2.3266563944530043
2026-09-29,Benzina,Pompe Bianche,Tutte,altri,6395,249,3.893666927286943,151,2.3067522150931867
2026-09-29,Benzina,Pompe Bianche,Tutte,top1,151,0,0.0,151,2.3067522150931867
2026-09-29,Benzina,Pompe Bianche,Tutte,Tutte,6546,249,3.8038496791934002,151,2.3067522150931867
2026-09-29,Benzina,Q8,Autostradale,altri,81,0,0.0,2,2.4096385542168677
2026-09-29,Benzina,Q8,Autostradale,top1,2,0,0.0,2,2.4096385542168677
2026-09-29,Benzina,Q8,Autostradale,Tutte,83,0,0.0,2,2.4096385542168677
2026-09-29,Benzina,Q8,Stradale,altri,1144,6,0.5244755244755245,1435,55.641721597518426
2026-09-29,Benzina,Q8,Stradale,top1,1435,8,0.5574912891986062,1435,55.641721597518426
2026-09-29,Benzina,Q8,Stradale,Tutte,2579,14,0.5428460643660333,1435,55.641721597518426
2026-09-29,Benzina,Q8,Tutte,altri,1225,6,0.4897959183673469,1437,53.98196844477836
2026-09-29,Benzina,Q8,Tutte,top1,1437,8,0.5567153792623522,1437,53.98196844477836
2026-09-29,Benzina,Q8,Tutte,Tutte,2662,14,0.5259203606311045,1437,53.98196844477836
2026-09-29,Benzina,Shell,Stradale,altri,79,0,0.0,75,48.701298701298704
2026-09-29,Benzina,Shell,Stradale,top1,75,0,0.0,75,48.701298701298704
2026-09-29,Benzina,Shell,Stradale,Tutte,154,0,0.0,75,48.701298701298704
2026-09-29,Benzina,Shell,Tutte,altri,79,0,0.0,75,48.701298701298704
2026-09-29,Benzina,Shell,Tutte,top1,75,0,0.0,75,48.701298701298704
2026-09-29,Benzina,Shell,Tutte,Tutte,154,0,0.0,75,48.701298701298704
2026-09-29,Benzina,Tamoil,Autostradale,altri,36,0,0.0,8,18.181818181818183
2026-09-29,Benzina,Tamoil,Autostradale,top1,8,0,0.0,8,18.181818181818183
2026-09-29,Benzina,Tamoil,Autostradale,Tutte,44,0,0.0,8,18.181818181818183
2026-09-29,Benzina,Tamoil,Stradale,altri,787,6,0.7623888182973316,619,44.02560455192034
2026-09-29,Benzina,Tamoil,Stradale,top1,619,4,0.6462035541195477,619,44.02560455192034
2026-09-29,Benzina,Tamoil,Stradale,Tutte,1406,10,0.7112375533428165,619,44.02560455192034
2026-09-29,Benzina,Tamoil,Tutte,altri,823,6,0.7290400972053462,627,43.24137931034483
2026-09-29,Benzina,Tamoil,Tutte,top1,627,4,0.6379585326953748,627,43.24137931034483
2026-09-29,Benzina,Tamoil,Tutte,Tutte,1450,10,0.6896551724137931,627,43.24137931034483
2026-09-29,Benzina,Tutte,Autostradale,altri,382,77,20.157068062827225,59,13.378684807256235
2026-09-29,Benzina,Tutte,Autostradale,top1,59,47,79.66101694915254,59,13.378684807256235
2026-09-29,Benzina,Tutte,Autostradale,Tutte,441,124,28.117913832199548,59,13.378684807256235
2026-09-29,Benzina,Tutte,Stradale,altri,15863,3071,19.359515854504192,3825,19.428078017066234
2026-09-29,Benzina,Tutte,Stradale,top1,3825,1068,27.92156862745098,3825,19.428078017066234
2026-09-29,Benzina,Tutte,Stradale,Tutte,19688,4139,21.022958147094677,3825,19.428078017066234
2026-09-29,Benzina,Tutte,Tutte,altri,16245,3148,19.378270236996,3884,19.295543742858563
2026-09-29,Benzina,Tutte,Tutte,top1,3884,1115,28.70751802265705,3884,19.295543742858563
2026-09-29,Benzina,Tutte,Tutte,Tutte,20129,4263,21.17839932435789,3884,19.295543742858563
2026-09-29,Gasolio,Agip Eni,Autostradale,altri,82,77,93.90243902439023,31,27.43362831858407
2026-09-29,Gasolio,Agip Eni,Autostradale,top1,31,31,100.0,31,27.43362831858407
2026-09-29,Gasolio,Agip Eni,Autostradale,Tutte,113,108,95.57522123893806,31,27.43362831858407
2026-09-29,Gasolio,Agip Eni,Stradale,altri,3006,2758,91.74983366600134,739,19.73297730307076
2026-09-29,Gasolio,Agip Eni,Stradale,top1,739,738,99.86468200270636,739,19.73297730307076
2026-09-29,Gasolio,Agip Eni,Stradale,Tutte,3745,3496,93.35113484646195,739,19.73297730307076
2026-09-29,Gasolio,Agip Eni,Tutte,altri,3088,2835,91.80699481865285,770,19.9585277345775
2026-09-29,Gasolio,Agip Eni,Tutte,top1,770,769,99.87012987012987,770,19.9585277345775
2026-09-29,Gasolio,Agip Eni,Tutte,Tutte,3858,3604,93.41627786417833,770,19.9585277345775
2026-09-29,Gasolio,Api-Ip,Autostradale,altri,75,1,1.3333333333333335,18,19.35483870967742
2026-09-29,Gasolio,Api-Ip,Autostradale,top1,18,16,88.88888888888889,18,19.35483870967742
2026-09-29,Gasolio,Api-Ip,Autostradale,Tutte,93,17,18.27956989247312,18,19.35483870967742
2026-09-29,Gasolio,Api-Ip,Stradale,altri,2671,46,1.7222014226881317,725,21.348645465253238
2026-09-29,Gasolio,Api-Ip,Stradale,top1,725,314,43.310344827586206,725,21.348645465253238
2026-09-29,Gasolio,Api-Ip,Stradale,Tutte,3396,360,10.60070671378092,725,21.348645465253238
2026-09-29,Gasolio,Api-Ip,Tutte,altri,2746,47,1.711580480699199,743,21.29550014330754
2026-09-29,Gasolio,Api-Ip,Tutte,top1,743,330,44.414535666218036,743,21.29550014330754
2026-09-29,Gasolio,Api-Ip,Tutte,Tutte,3489,377,10.805388363427916,743,21.29550014330754
2026-09-29,Gasolio,Esso,Autostradale,altri,68,3,4.411764705882353,0,0.0
2026-09-29,Gasolio,Esso,Autostradale,Tutte,68,3,4.411764705882353,0,0.0
2026-09-29,Gasolio,Esso,Stradale,altri,1828,29,1.5864332603938731,81,4.243059193294918
2026-09-29,Gasolio,Esso,Stradale,top1,81,6,7.4074074074074066,81,4.243059193294918
2026-09-29,Gasolio,Esso,Stradale,Tutte,1909,35,1.8334206390780514,81,4.243059193294918
2026-09-29,Gasolio,Esso,Tutte,altri,1896,32,1.6877637130801686,81,4.09711684370258
2026-09-29,Gasolio,Esso,Tutte,top1,81,6,7.4074074074074066,81,4.09711684370258
2026-09-29,Gasolio,Esso,Tutte,Tutte,1977,38,1.9221041982802227,81,4.09711684370258
2026-09-29,Gasolio,Pompe Bianche,Autostradale,altri,100,4,4.0,0,0.0
2026-09-29,Gasolio,Pompe Bianche,Autostradale,Tutte,100,4,4.0,0,0.0
2026-09-29,Gasolio,Pompe Bianche,Stradale,altri,6324,309,4.8861480075901325,150,2.3169601482854496
2026-09-29,Gasolio,Pompe Bianche,Stradale,top1,150,0,0.0,150,2.3169601482854496
2026-09-29,Gasolio,Pompe Bianche,Stradale,Tutte,6474,309,4.7729379054680265,150,2.3169601482854496
2026-09-29,Gasolio,Pompe Bianche,Tutte,altri,6424,313,4.872353673723537,150,2.2817158503194404
2026-09-29,Gasolio,Pompe Bianche,Tutte,top1,150,0,0.0,150,2.2817158503194404
2026-09-29,Gasolio,Pompe Bianche,Tutte,Tutte,6574,313,4.761180407666565,150,2.2817158503194404
2026-09-29,Gasolio,Q8,Autostradale,altri,95,0,0.0,2,2.0618556701030926
2026-09-29,Gasolio,Q8,Autostradale,top1,2,0,0.0,2,2.0618556701030926
2026-09-29,Gasolio,Q8,Autostradale,Tutte,97,0,0.0,2,2.0618556701030926
2026-09-29,Gasolio,Q8,Stradale,altri,1144,10,0.8741258741258742,1428,55.52099533437014
2026-09-29,Gasolio,Q8,Stradale,top1,1428,5,0.350140056022409,1428,55.52099533437014
2026-09-29,Gasolio,Q8,Stradale,Tutte,2572,15,0.583203732503888,1428,55.52099533437014
2026-09-29,Gasolio,Q8,Tutte,altri,1239,10,0.8071025020177561,1430,53.57811914574747
2026-09-29,Gasolio,Q8,Tutte,top1,1430,5,0.34965034965034963,1430,53.57811914574747
2026-09-29,Gasolio,Q8,Tutte,Tutte,2669,15,0.5620082427875608,1430,53.57811914574747
2026-09-29,Gasolio,Shell,Stradale,altri,78,0,0.0,75,49.01960784313725
2026-09-29,Gasolio,Shell,Stradale,top1,75,0,0.0,75,49.01960784313725
2026-09-29,Gasolio,Shell,Stradale,Tutte,153,0,0.0,75,49.01960784313725
2026-09-29,Gasolio,Shell,Tutte,altri,78,0,0.0,75,49.01960784313725
2026-09-29,Gasolio,Shell,Tutte,top1,75,0,0.0,75,49.01960784313725
2026-09-29,Gasolio,Shell,Tutte,Tutte,153,0,0.0,75,49.01960784313725
2026-09-29,Gasolio,Tamoil,Autostradale,altri,42,0,0.0,8,16.0
2026-09-29,Gasolio,Tamoil,Autostradale,top1,8,0,0.0,8,16.0
2026-09-29,Gasolio,Tamoil,Autostradale,Tutte,50,0,0.0,8,16.0
2026-09-29,Gasolio,Tamoil,Stradale,altri,777,8,1.0296010296010296,598,43.49090909090909
2026-09-29,Gasolio,Tamoil,Stradale,top1,598,5,0.8361204013377926,598,43.49090909090909
2026-09-29,Gasolio,Tamoil,Stradale,Tutte,1375,13,0.9454545454545455,598,43.49090909090909
2026-09-29,Gasolio,Tamoil,Tutte,altri,819,8,0.9768009768009768,606,42.526315789473685
2026-09-29,Gasolio,Tamoil,Tutte,top1,606,5,0.825082508250825,606,42.526315789473685
2026-09-29,Gasolio,Tamoil,Tutte,Tutte,1425,13,0.9122807017543859,606,42.526315789473685
2026-09-29,Gasolio,Tutte,Autostradale,altri,462,85,18.398268398268396,59,11.324376199616124
2026-09-29,Gasolio,Tutte,Autostradale,top1,59,47,79.66101694915254,59,11.324376199616124
2026-09-29,Gasolio,Tutte,Autostradale,Tutte,521,132,25.335892514395393,59,11.324376199616124
2026-09-29,Gasolio,Tutte,Stradale,altri,15828,3160,19.964619661359617,3796,19.34366082348145
2026-09-29,Gasolio,Tutte,Stradale,top1,3796,1068,28.13487881981033,3796,19.34366082348145
2026-09-29,Gasolio,Tutte,Stradale,Tutte,19624,4228,21.54504688136975,3796,19.34366082348145
2026-09-29,Gasolio,Tutte,Tutte,altri,16290,3245,19.920196439533456,3855,19.13626209977662
2026-09-29,Gasolio,Tutte,Tutte,top1,3855,1115,28.92347600518807,3855,19.13626209977662
2026-09-29,Gasolio,Tutte,Tutte,Tutte,20145,4360,21.64308761479275,3855,19.13626209977662
2026-09-30,Benzina,Agip Eni,Autostradale,altri,75,71,94.66666666666667,31,29.245283018867923
2026-09-30,Benzina,Agip Eni,Autostradale,top1,31,31,100.0,31,29.245283018867923
2026-09-30,Benzina,Agip Eni,Autostradale,Tutte,106,102,96.22641509433963,31,29.245283018867923
2026-09-30,Benzina,Agip Eni,Stradale,altri,3013,2830,93.92631928310654,739,19.696162046908317
2026-09-30,Benzina,Agip Eni,Stradale,top1,739,737,99.72936400541272,739,19.696162046908317
2026-09-30,Benzina,Agip Eni,Stradale,Tutte,3752,3567,95.06929637526652,739,19.696162046908317
2026-09-30,Benzina,Agip Eni,Tutte,altri,3088,2901,93.94430051813471,770,19.9585277345775
2026-09-30,Benzina,Agip Eni,Tutte,top1,770,768,99.74025974025975,770,19.9585277345775
2026-09-30,Benzina,Agip Eni,Tutte,Tutte,3858,3669,95.10108864696734,770,19.9585277345775
2026-09-30,Benzina,Api-Ip,Autostradale,altri,74,55,74.32432432432432,18,19.565217391304348
2026-09-30,Benzina,Api-Ip,Autostradale,top1,18,18,100.0,18,19.565217391304348
2026-09-30,Benzina,Api-Ip,Autostradale,Tutte,92,73,79.34782608695652,18,19.565217391304348
2026-09-30,Benzina,Api-Ip,Stradale,altri,2672,447,16.729041916167663,726,21.36550912301354
2026-09-30,Benzina,Api-Ip,Stradale,top1,726,331,45.59228650137741,726,21.36550912301354
2026-09-30,Benzina,Api-Ip,Stradale,Tutte,3398,778,22.895821071218364,726,21.36550912301354
2026-09-30,Benzina,Api-Ip,Tutte,altri,2746,502,18.28113619810634,744,21.318051575931232
2026-09-30,Benzina,Api-Ip,Tutte,top1,744,349,46.90860215053764,744,21.318051575931232
2026-09-30,Benzina,Api-Ip,Tutte,Tutte,3490,851,24.383954154727792,744,21.318051575931232
2026-09-30,Benzina,Esso,Autostradale,altri,58,4,6.896551724137931,0,0.0
2026-09-30,Benzina,Esso,Autostradale,Tutte,58,4,6.896551724137931,0,0.0
2026-09-30,Benzina,Esso,Stradale,altri,1822,180,9.879253567508233,81,4.256437204414083
2026-09-30,Benzina,Esso,Stradale,top1,81,7,8.641975308641975,81,4.256437204414083
2026-09-30,Benzina,Esso,Stradale,Tutte,1903,187,9.826589595375722,81,4.256437204414083
2026-09-30,Benzina,Esso,Tutte,altri,1880,184,9.787234042553191,81,4.130545639979602
2026-09-30,Benzina,Esso,Tutte,top1,81,7,8.641975308641975,81,4.130545639979602
2026-09-30,Benzina,Esso,Tutte,Tutte,1961,191,9.739928607853136,81,4.130545639979602
2026-09-30,Benzina,Pompe Bianche,Autostradale,altri,56,3,5.357142857142857,0,0.0
2026-09-30,Benzina,Pompe Bianche,Autostradale,Tutte,56,3,5.357142857142857,0,0.0
2026-09-30,Benzina,Pompe Bianche,Stradale,altri,6349,589,9.277051504173887,151,2.3230769230769233
2026-09-30,Benzina,Pompe Bianche,Stradale,top1,151,0,0.0,151,2.3230769230769233
2026-09-30,Benzina,Pompe Bianche,Stradale,Tutte,6500,589,9.061538461538461,151,2.3230769230769233
2026-09-30,Benzina,Pompe Bianche,Tutte,altri,6405,592,9.242779078844652,151,2.303233679072605
2026-09-30,Benzina,Pompe Bianche,Tutte,top1,151,0,0.0,151,2.303233679072605
2026-09-30,Benzina,Pompe Bianche,Tutte,Tutte,6556,592,9.029896278218425,151,2.303233679072605
2026-09-30,Benzina,Q8,Autostradale,altri,81,0,0.0,2,2.4096385542168677
2026-09-30,Benzina,Q8,Autostradale,top1,2,0,0.0,2,2.4096385542168677
2026-09-30,Benzina,Q8,Autostradale,Tutte,83,0,0.0,2,2.4096385542168677
2026-09-30,Benzina,Q8,Stradale,altri,1144,23,2.0104895104895104,1436,55.65891472868218
2026-09-30,Benzina,Q8,Stradale,top1,1436,9,0.6267409470752089,1436,55.65891472868218
2026-09-30,Benzina,Q8,Stradale,Tutte,2580,32,1.2403100775193798,1436,55.65891472868218
2026-09-30,Benzina,Q8,Tutte,altri,1225,23,1.8775510204081631,1438,53.99924896733008
2026-09-30,Benzina,Q8,Tutte,top1,1438,9,0.6258692628650904,1438,53.99924896733008
2026-09-30,Benzina,Q8,Tutte,Tutte,2663,32,1.2016522718738265,1438,53.99924896733008
2026-09-30,Benzina,Shell,Stradale,altri,79,0,0.0,75,48.701298701298704
2026-09-30,Benzina,Shell,Stradale,top1,75,0,0.0,75,48.701298701298704
2026-09-30,Benzina,Shell,Stradale,Tutte,154,0,0.0,75,48.701298701298704
2026-09-30,Benzina,Shell,Tutte,altri,79,0,0.0,75,48.701298701298704
2026-09-30,Benzina,Shell,Tutte,top1,75,0,0.0,75,48.701298701298704
2026-09-30,Benzina,Shell,Tutte,Tutte,154,0,0.0,75,48.701298701298704
2026-09-30,Benzina,Tamoil,Autostradale,altri,37,0,0.0,8,17.77777777777778
2026-09-30,Benzina,Tamoil,Autostradale,top1,8,0,0.0,8,17.77777777777778
2026-09-30,Benzina,Tamoil,Autostradale,Tutte,45,0,0.0,8,17.77777777777778
2026-09-30,Benzina,Tamoil,Stradale,altri,781,11,1.4084507042253522,619,44.21428571428571
2026-09-30,Benzina,Tamoil,Stradale,top1,619,4,0.6462035541195477,619,44.21428571428571
2026-09-30,Benzina,Tamoil,Stradale,Tutte,1400,15,1.0714285714285714,619,44.21428571428571
2026-09-30,Benzina,Tamoil,Tutte,altri,818,11,1.3447432762836184,627,43.391003460207614
2026-09-30,Benzina,Tamoil,Tutte,top1,627,4,0.6379585326953748,627,43.391003460207614
2026-09-30,Benzina,Tamoil,Tutte,Tutte,1445,15,1.0380622837370241,627,43.391003460207614
2026-09-30,Benzina,Tutte,Autostradale,altri,381,133,34.90813648293963,59,13.40909090909091
2026-09-30,Benzina,Tutte,Autostradale,top1,59,49,83.05084745762711,59,13.40909090909091
2026-09-30,Benzina,Tutte,Autostradale,Tutte,440,182,41.36363636363637,59,13.40909090909091
2026-09-30,Benzina,Tutte,Stradale,altri,15860,4080,25.72509457755359,3827,19.43922385330421
2026-09-30,Benzina,Tutte,Stradale,top1,3827,1088,28.429579304938596,3827,19.43922385330421
2026-09-30,Benzina,Tutte,Stradale,Tutte,19687,5168,26.250825417788388,3827,19.43922385330421
2026-09-30,Benzina,Tutte,Tutte,altri,16241,4213,25.94052090388523,3886,19.307398022556765
2026-09-30,Benzina,Tutte,Tutte,top1,3886,1137,29.25887802367473,3886,19.307398022556765
2026-09-30,Benzina,Tutte,Tutte,Tutte,20127,5350,26.58120932081284,3886,19.307398022556765
2026-09-30,Gasolio,Agip Eni,Autostradale,altri,82,78,95.1219512195122,31,27.43362831858407
2026-09-30,Gasolio,Agip Eni,Autostradale,top1,31,31,100.0,31,27.43362831858407
2026-09-30,Gasolio,Agip Eni,Autostradale,Tutte,113,109,96.46017699115043,31,27.43362831858407
2026-09-30,Gasolio,Agip Eni,Stradale,altri,3007,2827,94.01396740937813,739,19.727709556860653
2026-09-30,Gasolio,Agip Eni,Stradale,top1,739,738,99.86468200270636,739,19.727709556860653
2026-09-30,Gasolio,Agip Eni,Stradale,Tutte,3746,3565,95.16817939135078,739,19.727709556860653
2026-09-30,Gasolio,Agip Eni,Tutte,altri,3089,2905,94.04337973454192,770,19.95335579165587
2026-09-30,Gasolio,Agip Eni,Tutte,top1,770,769,99.87012987012987,770,19.95335579165587
2026-09-30,Gasolio,Agip Eni,Tutte,Tutte,3859,3674,95.20601192018657,770,19.95335579165587
2026-09-30,Gasolio,Api-Ip,Autostradale,altri,75,56,74.66666666666667,18,19.35483870967742
2026-09-30,Gasolio,Api-Ip,Autostradale,top1,18,18,100.0,18,19.35483870967742
2026-09-30,Gasolio,Api-Ip,Autostradale,Tutte,93,74,79.56989247311827,18,19.35483870967742
2026-09-30,Gasolio,Api-Ip,Stradale,altri,2671,448,16.772744290527893,726,21.371798645863997
2026-09-30,Gasolio,Api-Ip,Stradale,top1,726,331,45.59228650137741,726,21.371798645863997
2026-09-30,Gasolio,Api-Ip,Stradale,Tutte,3397,779,22.93199882249043,726,21.371798645863997
2026-09-30,Gasolio,Api-Ip,Tutte,altri,2746,504,18.353969410050983,744,21.318051575931232
2026-09-30,Gasolio,Api-Ip,Tutte,top1,744,349,46.90860215053764,744,21.318051575931232
2026-09-30,Gasolio,Api-Ip,Tutte,Tutte,3490,853,24.441260744985673,744,21.318051575931232
2026-09-30,Gasolio,Esso,Autostradale,altri,68,3,4.411764705882353,0,0.0
2026-09-30,Gasolio,Esso,Autostradale,Tutte,68,3,4.411764705882353,0,0.0
2026-09-30,Gasolio,Esso,Stradale,altri,1822,184,10.098792535675083,81,4.256437204414083
2026-09-30,Gasolio,Esso,Stradale,top1,81,7,8.641975308641975,81,4.256437204414083
2026-09-30,Gasolio,Esso,Stradale,Tutte,1903,191,10.036784025223332,81,4.256437204414083
2026-09-30,Gasolio,Esso,Tutte,altri,1890,187,9.894179894179894,81,4.10958904109589
2026-09-30,Gasolio,Esso,Tutte,top1,81,7,8.641975308641975,81,4.10958904109589
2026-09-30,Gasolio,Esso,Tutte,Tutte,1971,194,9.842719431760527,81,4.10958904109589
2026-09-30,Gasolio,Pompe Bianche,Autostradale,altri,100,4,4.0,0,0.0
2026-09-30,Gasolio,Pompe Bianche,Autostradale,Tutte,100,4,4.0,0,0.0
2026-09-30,Gasolio,Pompe Bianche,Stradale,altri,6322,651,10.297374248655489,150,2.317676143386897
2026-09-30,Gasolio,Pompe Bianche,Stradale,top1,150,0,0.0,150,2.317676143386897
2026-09-30,Gasolio,Pompe Bianche,Stradale,Tutte,6472,651,10.058714462299134,150,2.317676143386897
2026-09-30,Gasolio,Pompe Bianche,Tutte,altri,6422,655,10.1993148551853,150,2.282410225197809
2026-09-30,Gasolio,Pompe Bianche,Tutte,top1,150,0,0.0,150,2.282410225197809
2026-09-30,Gasolio,Pompe Bianche,Tutte,Tutte,6572,655,9.966524650030433,150,2.282410225197809
2026-09-30,Gasolio,Q8,Autostradale,altri,95,0,0.0,2,2.0618556701030926
2026-09-30,Gasolio,Q8,Autostradale,top1,2,0,0.0,2,2.0618556701030926
2026-09-30,Gasolio,Q8,Autostradale,Tutte,97,0,0.0,2,2.0618556701030926
2026-09-30,Gasolio,Q8,Stradale,altri,1145,28,2.445414847161572,1428,55.49941702293043
2026-09-30,Gasolio,Q8,Stradale,top1,1428,5,0.350140056022409,1428,55.49941702293043
2026-09-30,Gasolio,Q8,Stradale,Tutte,2573,33,1.2825495530509134,1428,55.49941702293043
2026-09-30,Gasolio,Q8,Tutte,altri,1240,28,2.258064516129032,1430,53.558052434456926
2026-09-30,Gasolio,Q8,Tutte,top1,1430,5,0.34965034965034963,1430,53.558052434456926
2026-09-30,Gasolio,Q8,Tutte,Tutte,2670,33,1.2359550561797752,1430,53.558052434456926
2026-09-30,Gasolio,Shell,Stradale,altri,78,0,0.0,75,49.01960784313725
2026-09-30,Gasolio,Shell,Stradale,top1,75,0,0.0,75,49.01960784313725
2026-09-30,Gasolio,Shell,Stradale,Tutte,153,0,0.0,75,49.01960784313725
2026-09-30,Gasolio,Shell,Tutte,altri,78,0,0.0,75,49.01960784313725
2026-09-30,Gasolio,Shell,Tutte,top1,75,0,0.0,75,49.01960784313725
2026-09-30,Gasolio,Shell,Tutte,Tutte,153,0,0.0,75,49.01960784313725
2026-09-30,Gasolio,Tamoil,Autostradale,altri,43,0,0.0,8,15.686274509803921
2026-09-30,Gasolio,Tamoil,Autostradale,top1,8,0,0.0,8,15.686274509803921
2026-09-30,Gasolio,Tamoil,Autostradale,Tutte,51,0,0.0,8,15.686274509803921
2026-09-30,Gasolio,Tamoil,Stradale,altri,771,13,1.6861219195849546,598,43.68151935719503
2026-09-30,Gasolio,Tamoil,Stradale,top1,598,5,0.8361204013377926,598,43.68151935719503
2026-09-30,Gasolio,Tamoil,Stradale,Tutte,1369,18,1.3148283418553688,598,43.68151935719503
2026-09-30,Gasolio,Tamoil,Tutte,altri,814,13,1.597051597051597,606,42.67605633802817
2026-09-30,Gasolio,Tamoil,Tutte,top1,606,5,0.825082508250825,606,42.67605633802817
2026-09-30,Gasolio,Tamoil,Tutte,Tutte,1420,18,1.267605633802817,606,42.67605633802817
2026-09-30,Gasolio,Tutte,Autostradale,altri,463,141,30.45356371490281,59,11.302681992337165
2026-09-30,Gasolio,Tutte,Autostradale,top1,59,49,83.05084745762711,59,11.302681992337165
2026-09-30,Gasolio,Tutte,Autostradale,Tutte,522,190,36.39846743295019,59,11.302681992337165
2026-09-30,Gasolio,Tutte,Stradale,altri,15816,4151,26.245574102175013,3797,19.359608422984756
2026-09-30,Gasolio,Tutte,Stradale,top1,3797,1086,28.601527521727682,3797,19.359608422984756
2026-09-30,Gasolio,Tutte,Stradale,Tutte,19613,5237,26.70167745882833,3797,19.359608422984756
2026-09-30,Gasolio,Tutte,Tutte,altri,16279,4292,26.365255851096503,3856,19.15073255525205
2026-09-30,Gasolio,Tutte,Tutte,top1,3856,1135,29.434647302904565,3856,19.15073255525205
2026-09-30,Gasolio,Tutte,Tutte,Tutte,20135,5427,26.953066799106036,3856,19.15073255525205
2026-10-01,Benzina,Agip Eni,Autostradale,altri,75,71,94.66666666666667,31,29.245283018867923
2026-10-01,Benzina,Agip Eni,Autostradale,top1,31,31,100.0,31,29.245283018867923
2026-10-01,Benzina,Agip Eni,Autostradale,Tutte,106,102,96.22641509433963,31,29.245283018867923
2026-10-01,Benzina,Agip Eni,Stradale,altri,3013,2830,93.92631928310654,739,19.696162046908317
2026-10-01,Benzina,Agip Eni,Stradale,top1,739,737,99.72936400541272,739,19.696162046908317
2026-10-01,Benzina,Agip Eni,Stradale,Tutte,3752,3567,95.06929637526652,739,19.696162046908317
2026-10-01,Benzina,Agip Eni,Tutte,altri,3088,2901,93.94430051813471,770,19.9585277345775
2026-10-01,Benzina,Agip Eni,Tutte,top1,770,768,99.74025974025975,770,19.9585277345775
2026-10-01,Benzina,Agip Eni,Tutte,Tutte,3858,3669,95.10108864696734,770,19.9585277345775
2026-10-01,Benzina,Api-Ip,Autostradale,altri,74,55,74.32432432432432,18,19.565217391304348
2026-10-01,Benzina,Api-Ip,Autostradale,top1,18,18,100.0,18,19.565217391304348
2026-10-01,Benzina,Api-Ip,Autostradale,Tutte,92,73,79.34782608695652,18,19.565217391304348
2026-10-01,Benzina,Api-Ip,Stradale,altri,2672,447,16.729041916167663,726,21.36550912301354
2026-10-01,Benzina,Api-Ip,Stradale,top1,726,331,45.59228650137741,726,21.36550912301354
2026-10-01,Benzina,Api-Ip,Stradale,Tutte,3398,778,22.895821071218364,726,21.36550912301354
2026-10-01,Benzina,Api-Ip,Tutte,altri,2746,502,18.28113619810634,744,21.318051575931232
2026-10-01,Benzina,Api-Ip,Tutte,top1,744,349,46.90860215053764,744,21.318051575931232
2026-10-01,Benzina,Api-Ip,Tutte,Tutte,3490,851,24.383954154727792,744,21.318051575931232
2026-10-01,Benzina,Esso,Autostradale,altri,58,4,6.896551724137931,0,0.0
2026-10-01,Benzina,Esso,Autostradale,Tutte,58,4,6.896551724137931,0,0.0
2026-10-01,Benzina,Esso,Stradale,altri,1822,180,9.879253567508233,81,4.256437204414083
2026-10-01,Benzina,Esso,Stradale,top1,81,7,8.641975308641975,81,4.256437204414083
2026-10-01,Benzina,Esso,Stradale,Tutte,1903,187,9.826589595375722,81,4.256437204414083
2026-10-01,Benzina,Esso,Tutte,altri,1880,184,9.787234042553191,81,4.130545639979602
2026-10-01,Benzina,Esso,Tutte,top1,81,7,8.641975308641975,81,4.130545639979602
2026-10-01,Benzina,Esso,Tutte,Tutte,1961,191,9.739928607853136,81,4.130545639979602
2026-10-01,Benzina,Pompe Bianche,Autostradale,altri,56,3,5.357142857142857,0,0.0
2026-10-01,Benzina,Pompe Bianche,Autostradale,Tutte,56,3,5.357142857142857,0,0.0
2026-10-01,Benzina,Pompe Bianche,Stradale,altri,6349,589,9.277051504173887,151,2.3230769230769233
2026-10-01,Benzina,Pompe Bianche,Stradale,top1,151,0,0.0,151,2.3230769230769233
2026-10-01,Benzina,Pompe Bianche,Stradale,Tutte,6500,589,9.061538461538461,151,2.3230769230769233
2026-10-01,Benzina,Pompe Bianche,Tutte,altri,6405,592,9.242779078844652,151,2.303233679072605
2026-10-01,Benzina,Pompe Bianche,Tutte,top1,151,0,0.0,151,2.303233679072605
2026-10-01,Benzina,Pompe Bianche,Tutte,Tutte,6556,592,9.029896278218425,151,2.303233679072605
2026-10-01,Benzina,Q8,Autostradale,altri,81,0,0.0,2,2.4096385542168677
2026-10-01,Benzina,Q8,Autostradale,top1,2,0,0.0,2,2.4096385542168677
2026-10-01,Benzina,Q8,Autostradale,Tutte,83,0,0.0,2,2.4096385542168677
2026-10-01,Benzina,Q8,Stradale,altri,1144,23,2.0104895104895104,1436,55.65891472868218
2026-10-01,Benzina,Q8,Stradale,top1,1436,9,0.6267409470752089,1436,55.65891472868218
2026-10-01,Benzina,Q8,Stradale,Tutte,2580,32,1.2403100775193798,1436,55.65891472868218
2026-10-01,Benzina,Q8,Tutte,altri,1225,23,1.8775510204081631,1438,53.99924896733008
2026-10-01,Benzina,Q8,Tutte,top1,1438,9,0.6258692628650904,1438,53.99924896733008
2026-10-01,Benzina,Q8,Tutte,Tutte,2663,32,1.2016522718738265,1438,53.99924896733008
2026-10-01,Benzina,Shell,Stradale,altri,79,0,0.0,75,48.701298701298704
2026-10-01,Benzina,Shell,Stradale,top1,75,0,0.0,75,48.701298701298704
2026-10-01,Benzina,Shell,Stradale,Tutte,154,0,0.0,75,48.701298701298704
2026-10-01,Benzina,Shell,Tutte,altri,79,0,0.0,75,48.701298701298704
2026-10-01,Benzina,Shell,Tutte,top1,75,0,0.0,75,48.701298701298704
2026-10-01,Benzina,Shell,Tutte,Tutte,154,0,0.0,75,48.701298701298704
2026-10-01,Benzina,Tamoil,Autostradale,altri,37,0,0.0,8,17.77777777777778
2026-10-01,Benzina,Tamoil,Autostradale,top1,8,0,0.0,8,17.77777777777778
2026-10-01,Benzina,Tamoil,Autostradale,Tutte,45,0,0.0,8,17.77777777777778
2026-10-01,Benzina,Tamoil,Stradale,altri,781,11,1.4084507042253522,619,44.21428571428571
2026-10-01,Benzina,Tamoil,Stradale,top1,619,4,0.6462035541195477,619,44.21428571428571
2026-10-01,Benzina,Tamoil,Stradale,Tutte,1400,15,1.0714285714285714,619,44.21428571428571
2026-10-01,Benzina,Tamoil,Tutte,altri,818,11,1.3447432762836184,627,43.391003460207614
2026-10-01,Benzina,Tamoil,Tutte,top1,627,4,0.6379585326953748,627,43.391003460207614
2026-10-01,Benzina,Tamoil,Tutte,Tutte,1445,15,1.0380622837370241,627,43.391003460207614
2026-10-01,Benzina,Tutte,Autostradale,altri,381,133,34.90813648293963,59,13.40909090909091
2026-10-01,Benzina,Tutte,Autostradale,top1,59,49,83.05084745762711,59,13.40909090909091
2026-10-01,Benzina,Tutte,Autostradale,Tutte,440,182,41.36363636363637,59,13.40909090909091
2026-10-01,Benzina,Tutte,Stradale,altri,15860,4080,25.72509457755359,3827,19.43922385330421
2026-10-01,Benzina,Tutte,Stradale,top1,3827,1088,28.429579304938596,3827,19.43922385330421
2026-10-01,Benzina,Tutte,Stradale,Tutte,19687,5168,26.250825417788388,3827,19.43922385330421
2026-10-01,Benzina,Tutte,Tutte,altri,16241,4213,25.94052090388523,3886,19.307398022556765
2026-10-01,Benzina,Tutte,Tutte,top1,3886,1137,29.25887802367473,3886,19.307398022556765
2026-10-01,Benzina,Tutte,Tutte,Tutte,20127,5350,26.58120932081284,3886,19.307398022556765
2026-10-01,Gasolio,Agip Eni,Autostradale,altri,82,78,95.1219512195122,31,27.43362831858407
2026-10-01,Gasolio,Agip Eni,Autostradale,top1,31,31,100.0,31,27.43362831858407
2026-10-01,Gasolio,Agip Eni,Autostradale,Tutte,113,109,96.46017699115043,31,27.43362831858407
2026-10-01,Gasolio,Agip Eni,Stradale,altri,3007,2827,94.01396740937813,739,19.727709556860653
2026-10-01,Gasolio,Agip Eni,Stradale,top1,739,738,99.86468200270636,739,19.727709556860653
2026-10-01,Gasolio,Agip Eni,Stradale,Tutte,3746,3565,95.16817939135078,739,19.727709556860653
2026-10-01,Gasolio,Agip Eni,Tutte,altri,3089,2905,94.04337973454192,770,19.95335579165587
2026-10-01,Gasolio,Agip Eni,Tutte,top1,770,769,99.87012987012987,770,19.95335579165587
2026-10-01,Gasolio,Agip Eni,Tutte,Tutte,3859,3674,95.20601192018657,770,19.95335579165587
2026-10-01,Gasolio,Api-Ip,Autostradale,altri,75,56,74.66666666666667,18,19.35483870967742
2026-10-01,Gasolio,Api-Ip,Autostradale,top1,18,18,100.0,18,19.35483870967742
2026-10-01,Gasolio,Api-Ip,Autostradale,Tutte,93,74,79.56989247311827,18,19.35483870967742
2026-10-01,Gasolio,Api-Ip,Stradale,altri,2671,448,16.772744290527893,726,21.371798645863997
2026-10-01,Gasolio,Api-Ip,Stradale,top1,726,331,45.59228650137741,726,21.371798645863997
2026-10-01,Gasolio,Api-Ip,Stradale,Tutte,3397,779,22.93199882249043,726,21.371798645863997
2026-10-01,Gasolio,Api-Ip,Tutte,altri,2746,504,18.353969410050983,744,21.318051575931232
2026-10-01,Gasolio,Api-Ip,Tutte,top1,744,349,46.90860215053764,744,21.318051575931232
2026-10-01,Gasolio,Api-Ip,Tutte,Tutte,3490,853,24.441260744985673,744,21.318051575931232
2026-10-01,Gasolio,Esso,Autostradale,altri,68,3,4.411764705882353,0,0.0
2026-10-01,Gasolio,Esso,Autostradale,Tutte,68,3,4.411764705882353,0,0.0
2026-10-01,Gasolio,Esso,Stradale,altri,1822,184,10.098792535675083,81,4.256437204414083
2026-10-01,Gasolio,Esso,Stradale,top1,81,7,8.641975308641975,81,4.256437204414083
2026-10-01,Gasolio,Esso,Stradale,Tutte,1903,191,10.036784025223332,81,4.256437204414083
2026-10-01,Gasolio,Esso,Tutte,altri,1890,187,9.894179894179894,81,4.10958904109589
2026-10-01,Gasolio,Esso,Tutte,top1,81,7,8.641975308641975,81,4.10958904109589
2026-10-01,Gasolio,Esso,Tutte,Tutte,1971,194,9.842719431760527,81,4.10958904109589
2026-10-01,Gasolio,Pompe Bianche,Autostradale,altri,100,4,4.0,0,0.0
2026-10-01,Gasolio,Pompe Bianche,Autostradale,Tutte,100,4,4.0,0,0.0
2026-10-01,Gasolio,Pompe Bianche,Stradale,altri,6322,651,10.297374248655489,150,2.317676143386897
2026-10-01,Gasolio,Pompe Bianche,Stradale,top1,150,0,0.0,150,2.317676143386897
2026-10-01,Gasolio,Pompe Bianche,Stradale,Tutte,6472,651,10.058714462299134,150,2.317676143386897
2026-10-01,Gasolio,Pompe Bianche,Tutte,altri,6422,655,10.1993148551853,150,2.282410225197809
2026-10-01,Gasolio,Pompe Bianche,Tutte,top1,150,0,0.0,150,2.282410225197809
2026-10-01,Gasolio,Pompe Bianche,Tutte,Tutte,6572,655,9.966524650030433,150,2.282410225197809
2026-10-01,Gasolio,Q8,Autostradale,altri,95,0,0.0,2,2.0618556701030926
2026-10-01,Gasolio,Q8,Autostradale,top1,2,0,0.0,2,2.0618556701030926
2026-10-01,Gasolio,Q8,Autostradale,Tutte,97,0,0.0,2,2.0618556701030926
2026-10-01,Gasolio,Q8,Stradale,altri,1145,28,2.445414847161572,1428,55.49941702293043
2026-10-01,Gasolio,Q8,Stradale,top1,1428,5,0.350140056022409,1428,55.49941702293043
2026-10-01,Gasolio,Q8,Stradale,Tutte,2573,33,1.2825495530509134,1428,55.49941702293043
2026-10-01,Gasolio,Q8,Tutte,altri,1240,28,2.258064516129032,1430,53.558052434456926
2026-10-01,Gasolio,Q8,Tutte,top1,1430,5,0.34965034965034963,1430,53.558052434456926
2026-10-01,Gasolio,Q8,Tutte,Tutte,2670,33,1.2359550561797752,1430,53.558052434456926
2026-10-01,Gasolio,Shell,Stradale,altri,78,0,0.0,75,49.01960784313725
2026-10-01,Gasolio,Shell,Stradale,top1,75,0,0.0,75,49.01960784313725
2026-10-01,Gasolio,Shell,Stradale,Tutte,153,0,0.0,75,49.01960784313725
2026-10-01,Gasolio,Shell,Tutte,altri,78,0,0.0,75,49.01960784313725
2026-10-01,Gasolio,Shell,Tutte,top1,75,0,0.0,75,49.01960784313725
2026-10-01,Gasolio,Shell,Tutte,Tutte,153,0,0.0,75,49.01960784313725
2026-10-01,Gasolio,Tamoil,Autostradale,altri,43,0,0.0,8,15.686274509803921
2026-10-01,Gasolio,Tamoil,Autostradale,top1,8,0,0.0,8,15.686274509803921
2026-10-01,Gasolio,Tamoil,Autostradale,Tutte,51,0,0.0,8,15.686274509803921
2026-10-01,Gasolio,Tamoil,Stradale,altri,771,13,1.6861219195849546,598,43.68151935719503
2026-10-01,Gasolio,Tamoil,Stradale,top1,598,5,0.8361204013377926,598,43.68151935719503
2026-10-01,Gasolio,Tamoil,Stradale,Tutte,1369,18,1.3148283418553688,598,43.68151935719503
2026-10-01,Gasolio,Tamoil,Tutte,altri,814,13,1.597051597051597,606,42.67605633802817
2026-10-01,Gasolio,Tamoil,Tutte,top1,606,5,0.825082508250825,606,42.67605633802817
2026-10-01,Gasolio,Tamoil,Tutte,Tutte,1420,18,1.267605633802817,606,42.67605633802817
2026-10-01,Gasolio,Tutte,Autostradale,altri,463,141,30.45356371490281,59,11.302681992337165
2026-10-01,Gasolio,Tutte,Autostradale,top1,59,49,83.05084745762711,59,11.302681992337165
2026-10-01,Gasolio,Tutte,Autostradale,Tutte,522,190,36.39846743295019,59,11.302681992337165
2026-10-01,Gasolio,Tutte,Stradale,altri,15816,4151,26.245574102175013,3797,19.359608422984756
2026-10-01,Gasolio,Tutte,Stradale,top1,3797,1086,28.601527521727682,3797,19.359608422984756
2026-10-01,Gasolio,Tutte,Stradale,Tutte,19613,5237,26.70167745882833,3797,19.359608422984756
2026-10-01,Gasolio,Tutte,Tutte,altri,16279,4292,26.365255851096503,3856,19.15073255525205
2026-10-01,Gasolio,Tutte,Tutte,top1,3856,1135,29.434647302904565,3856,19.15073255525205
2026-10-01,Gasolio,Tutte,Tutte,Tutte,20135,5427,26.953066799106036,3856,19.15073255525205
2026-10-02,Benzina,Agip Eni,Autostradale,altri,75,74,98.66666666666667,31,29.245283018867923
2026-10-02,Benzina,Agip Eni,Autostradale,top1,31,31,100.0,31,29.245283018867923
2026-10-02,Benzina,Agip Eni,Autostradale,Tutte,106,105,99.05660377358491,31,29.245283018867923
2026-10-02,Benzina,Agip Eni,Stradale,altri,3013,2932,97.31164951875208,739,19.696162046908317
2026-10-02,Benzina,Agip Eni,Stradale,top1,739,737,99.72936400541272,739,19.696162046908317
2026-10-02,Benzina,Agip Eni,Stradale,Tutte,3752,3669,97.78784648187633,739,19.696162046908317
2026-10-02,Benzina,Agip Eni,Tutte,altri,3088,3006,97.34455958549223,770,19.9585277345775
2026-10-02,Benzina,Agip Eni,Tutte,top1,770,768,99.74025974025975,770,19.9585277345775
2026-10-02,Benzina,Agip Eni,Tutte,Tutte,3858,3774,97.82270606531883,770,19.9585277345775
2026-10-02,Benzina,Api-Ip,Autostradale,altri,74,71,95.94594594594594,18,19.565217391304348
2026-10-02,Benzina,Api-Ip,Autostradale,top1,18,18,100.0,18,19.565217391304348
2026-10-02,Benzina,Api-Ip,Autostradale,Tutte,92,89,96.73913043478261,18,19.565217391304348
2026-10-02,Benzina,Api-Ip,Stradale,altri,2666,895,33.5708927231808,726,21.403301886792452
2026-10-02,Benzina,Api-Ip,Stradale,top1,726,341,46.96969696969697,726,21.403301886792452
2026-10-02,Benzina,Api-Ip,Stradale,Tutte,3392,1236,36.43867924528302,726,21.403301886792452
2026-10-02,Benzina,Api-Ip,Tutte,altri,2740,966,35.25547445255475,744,21.354764638346726
2026-10-02,Benzina,Api-Ip,Tutte,top1,744,359,48.252688172043015,744,21.354764638346726
2026-10-02,Benzina,Api-Ip,Tutte,Tutte,3484,1325,38.030998851894374,744,21.354764638346726
2026-10-02,Benzina,Esso,Autostradale,altri,58,4,6.896551724137931,0,0.0
2026-10-02,Benzina,Esso,Autostradale,Tutte,58,4,6.896551724137931,0,0.0
2026-10-02,Benzina,Esso,Stradale,altri,1825,317,17.36986301369863,81,4.249737670514166
2026-10-02,Benzina,Esso,Stradale,top1,81,26,32.098765432098766,81,4.249737670514166
2026-10-02,Benzina,Esso,Stradale,Tutte,1906,343,17.995802728226653,81,4.249737670514166
2026-10-02,Benzina,Esso,Tutte,altri,1883,321,17.047265002655337,81,4.124236252545825
2026-10-02,Benzina,Esso,Tutte,top1,81,26,32.098765432098766,81,4.124236252545825
2026-10-02,Benzina,Esso,Tutte,Tutte,1964,347,17.668024439918533,81,4.124236252545825
2026-10-02,Benzina,Pompe Bianche,Autostradale,altri,56,2,3.571428571428571,0,0.0
2026-10-02,Benzina,Pompe Bianche,Autostradale,Tutte,56,2,3.571428571428571,0,0.0
2026-10-02,Benzina,Pompe Bianche,Stradale,altri,6350,1307,20.58267716535433,151,2.32271958160283
2026-10-02,Benzina,Pompe Bianche,Stradale,top1,151,1,0.6622516556291391,151,2.32271958160283
2026-10-02,Benzina,Pompe Bianche,Stradale,Tutte,6501,1308,20.11998154130134,151,2.32271958160283
2026-10-02,Benzina,Pompe Bianche,Tutte,altri,6406,1309,20.433968154854824,151,2.302882415738905
2026-10-02,Benzina,Pompe Bianche,Tutte,top1,151,1,0.6622516556291391,151,2.302882415738905
2026-10-02,Benzina,Pompe Bianche,Tutte,Tutte,6557,1310,19.978648772304407,151,2.302882415738905
2026-10-02,Benzina,Q8,Autostradale,altri,81,60,74.07407407407408,2,2.4096385542168677
2026-10-02,Benzina,Q8,Autostradale,top1,2,2,100.0,2,2.4096385542168677
2026-10-02,Benzina,Q8,Autostradale,Tutte,83,62,74.69879518072288,2,2.4096385542168677
2026-10-02,Benzina,Q8,Stradale,altri,1141,551,48.29097283085013,1436,55.72370974000776
2026-10-02,Benzina,Q8,Stradale,top1,1436,1432,99.72144846796658,1436,55.72370974000776
2026-10-02,Benzina,Q8,Stradale,Tutte,2577,1983,76.94994179278231,1436,55.72370974000776
2026-10-02,Benzina,Q8,Tutte,altri,1222,611,50.0,1438,54.060150375939855
2026-10-02,Benzina,Q8,Tutte,top1,1438,1434,99.72183588317107,1438,54.060150375939855
2026-10-02,Benzina,Q8,Tutte,Tutte,2660,2045,76.8796992481203,1438,54.060150375939855
2026-10-02,Benzina,Shell,Stradale,altri,79,1,1.2658227848101267,75,48.701298701298704
2026-10-02,Benzina,Shell,Stradale,top1,75,5,6.666666666666667,75,48.701298701298704
2026-10-02,Benzina,Shell,Stradale,Tutte,154,6,3.896103896103896,75,48.701298701298704
2026-10-02,Benzina,Shell,Tutte,altri,79,1,1.2658227848101267,75,48.701298701298704
2026-10-02,Benzina,Shell,Tutte,top1,75,5,6.666666666666667,75,48.701298701298704
2026-10-02,Benzina,Shell,Tutte,Tutte,154,6,3.896103896103896,75,48.701298701298704
2026-10-02,Benzina,Tamoil,Autostradale,altri,36,0,0.0,8,18.181818181818183
2026-10-02,Benzina,Tamoil,Autostradale,top1,8,0,0.0,8,18.181818181818183
2026-10-02,Benzina,Tamoil,Autostradale,Tutte,44,0,0.0,8,18.181818181818183
2026-10-02,Benzina,Tamoil,Stradale,altri,779,436,55.96919127086007,619,44.27753934191702
2026-10-02,Benzina,Tamoil,Stradale,top1,619,409,66.07431340872375,619,44.27753934191702
2026-10-02,Benzina,Tamoil,Stradale,Tutte,1398,845,60.44349070100144,619,44.27753934191702
2026-10-02,Benzina,Tamoil,Tutte,altri,815,436,53.49693251533743,627,43.48127600554785
2026-10-02,Benzina,Tamoil,Tutte,top1,627,409,65.23125996810208,627,43.48127600554785
2026-10-02,Benzina,Tamoil,Tutte,Tutte,1442,845,58.599167822468786,627,43.48127600554785
2026-10-02,Benzina,Tutte,Autostradale,altri,380,211,55.52631578947368,59,13.439635535307518
2026-10-02,Benzina,Tutte,Autostradale,top1,59,51,86.4406779661017,59,13.439635535307518
2026-10-02,Benzina,Tutte,Autostradale,Tutte,439,262,59.68109339407744,59,13.439635535307518
2026-10-02,Benzina,Tutte,Stradale,altri,15853,6439,40.61691793351416,3827,19.446138211382113
2026-10-02,Benzina,Tutte,Stradale,top1,3827,2951,77.1100078390384,3827,19.446138211382113
2026-10-02,Benzina,Tutte,Stradale,Tutte,19680,9390,47.71341463414634,3827,19.446138211382113
2026-10-02,Benzina,Tutte,Tutte,altri,16233,6650,40.96593359206555,3886,19.315075301953378
2026-10-02,Benzina,Tutte,Tutte,top1,3886,3002,77.25167267112712,3886,19.315075301953378
2026-10-02,Benzina,Tutte,Tutte,Tutte,20119,9652,47.97455141905662,3886,19.315075301953378
2026-10-02,Gasolio,Agip Eni,Autostradale,altri,82,81,98.78048780487805,31,27.43362831858407
2026-10-02,Gasolio,Agip Eni,Autostradale,top1,31,31,100.0,31,27.43362831858407
2026-10-02,Gasolio,Agip Eni,Autostradale,Tutte,113,112,99.11504424778761,31,27.43362831858407
2026-10-02,Gasolio,Agip Eni,Stradale,altri,3006,2930,97.47172322022621,739,19.73297730307076
2026-10-02,Gasolio,Agip Eni,Stradale,top1,739,738,99.86468200270636,739,19.73297730307076
2026-10-02,Gasolio,Agip Eni,Stradale,Tutte,3745,3668,97.94392523364486,739,19.73297730307076
2026-10-02,Gasolio,Agip Eni,Tutte,altri,3088,3011,97.50647668393782,770,19.9585277345775
2026-10-02,Gasolio,Agip Eni,Tutte,top1,770,769,99.87012987012987,770,19.9585277345775
2026-10-02,Gasolio,Agip Eni,Tutte,Tutte,3858,3780,97.97822706065318,770,19.9585277345775
2026-10-02,Gasolio,Api-Ip,Autostradale,altri,74,71,95.94594594594594,18,19.565217391304348
2026-10-02,Gasolio,Api-Ip,Autostradale,top1,18,18,100.0,18,19.565217391304348
2026-10-02,Gasolio,Api-Ip,Autostradale,Tutte,92,89,96.73913043478261,18,19.565217391304348
2026-10-02,Gasolio,Api-Ip,Stradale,altri,2665,900,33.771106941838646,726,21.409613683279268
2026-10-02,Gasolio,Api-Ip,Stradale,top1,726,341,46.96969696969697,726,21.409613683279268
2026-10-02,Gasolio,Api-Ip,Stradale,Tutte,3391,1241,36.59687407844294,726,21.409613683279268
2026-10-02,Gasolio,Api-Ip,Tutte,altri,2739,971,35.450894487039065,744,21.36089577950043
2026-10-02,Gasolio,Api-Ip,Tutte,top1,744,359,48.252688172043015,744,21.36089577950043
2026-10-02,Gasolio,Api-Ip,Tutte,Tutte,3483,1330,38.18547229399943,744,21.36089577950043
2026-10-02,Gasolio,Esso,Autostradale,altri,68,0,0.0,0,0.0
2026-10-02,Gasolio,Esso,Autostradale,Tutte,68,0,0.0,0,0.0
2026-10-02,Gasolio,Esso,Stradale,altri,1822,318,17.45334796926454,81,4.256437204414083
2026-10-02,Gasolio,Esso,Stradale,top1,81,16,19.753086419753085,81,4.256437204414083
2026-10-02,Gasolio,Esso,Stradale,Tutte,1903,334,17.551234892275357,81,4.256437204414083
2026-10-02,Gasolio,Esso,Tutte,altri,1890,318,16.825396825396826,81,4.10958904109589
2026-10-02,Gasolio,Esso,Tutte,top1,81,16,19.753086419753085,81,4.10958904109589
2026-10-02,Gasolio,Esso,Tutte,Tutte,1971,334,16.945712836123793,81,4.10958904109589
2026-10-02,Gasolio,Pompe Bianche,Autostradale,altri,97,3,3.0927835051546393,0,0.0
2026-10-02,Gasolio,Pompe Bianche,Autostradale,Tutte,97,3,3.0927835051546393,0,0.0
2026-10-02,Gasolio,Pompe Bianche,Stradale,altri,6318,1413,22.364672364672362,150,2.3191094619666046
2026-10-02,Gasolio,Pompe Bianche,Stradale,top1,150,1,0.6666666666666667,150,2.3191094619666046
2026-10-02,Gasolio,Pompe Bianche,Stradale,Tutte,6468,1414,21.861471861471863,150,2.3191094619666046
2026-10-02,Gasolio,Pompe Bianche,Tutte,altri,6415,1416,22.07326578332034,150,2.284843869002285
2026-10-02,Gasolio,Pompe Bianche,Tutte,top1,150,1,0.6666666666666667,150,2.284843869002285
2026-10-02,Gasolio,Pompe Bianche,Tutte,Tutte,6565,1417,21.584158415841586,150,2.284843869002285
2026-10-02,Gasolio,Q8,Autostradale,altri,95,60,63.1578947368421,2,2.0618556701030926
2026-10-02,Gasolio,Q8,Autostradale,top1,2,2,100.0,2,2.0618556701030926
2026-10-02,Gasolio,Q8,Autostradale,Tutte,97,62,63.91752577319587,2,2.0618556701030926
2026-10-02,Gasolio,Q8,Stradale,altri,1141,557,48.81682734443471,1429,55.60311284046693
2026-10-02,Gasolio,Q8,Stradale,top1,1429,1427,99.86004198740378,1429,55.60311284046693
2026-10-02,Gasolio,Q8,Stradale,Tutte,2570,1984,77.19844357976655,1429,55.60311284046693
2026-10-02,Gasolio,Q8,Tutte,altri,1236,617,49.919093851132686,1431,53.655793025871766
2026-10-02,Gasolio,Q8,Tutte,top1,1431,1429,99.86023759608665,1431,53.655793025871766
2026-10-02,Gasolio,Q8,Tutte,Tutte,2667,2046,76.71541057367828,1431,53.655793025871766
2026-10-02,Gasolio,Shell,Stradale,altri,78,1,1.282051282051282,75,49.01960784313725
2026-10-02,Gasolio,Shell,Stradale,top1,75,4,5.333333333333334,75,49.01960784313725
2026-10-02,Gasolio,Shell,Stradale,Tutte,153,5,3.2679738562091507,75,49.01960784313725
2026-10-02,Gasolio,Shell,Tutte,altri,78,1,1.282051282051282,75,49.01960784313725
2026-10-02,Gasolio,Shell,Tutte,top1,75,4,5.333333333333334,75,49.01960784313725
2026-10-02,Gasolio,Shell,Tutte,Tutte,153,5,3.2679738562091507,75,49.01960784313725
2026-10-02,Gasolio,Tamoil,Autostradale,altri,42,0,0.0,8,16.0
2026-10-02,Gasolio,Tamoil,Autostradale,top1,8,0,0.0,8,16.0
2026-10-02,Gasolio,Tamoil,Autostradale,Tutte,50,0,0.0,8,16.0
2026-10-02,Gasolio,Tamoil,Stradale,altri,769,420,54.61638491547465,598,43.7454279444038
2026-10-02,Gasolio,Tamoil,Stradale,top1,598,397,66.38795986622074,598,43.7454279444038
2026-10-02,Gasolio,Tamoil,Stradale,Tutte,1367,817,59.76591075347476,598,43.7454279444038
2026-10-02,Gasolio,Tamoil,Tutte,altri,811,420,51.787916152897665,606,42.766407904022586
2026-10-02,Gasolio,Tamoil,Tutte,top1,606,397,65.51155115511551,606,42.766407904022586
2026-10-02,Gasolio,Tamoil,Tutte,Tutte,1417,817,57.65702187720536,606,42.766407904022586
2026-10-02,Gasolio,Tutte,Autostradale,altri,458,215,46.943231441048034,59,11.411992263056092
2026-10-02,Gasolio,Tutte,Autostradale,top1,59,51,86.4406779661017,59,11.411992263056092
2026-10-02,Gasolio,Tutte,Autostradale,Tutte,517,266,51.45067698259188,59,11.411992263056092
2026-10-02,Gasolio,Tutte,Stradale,altri,15799,6539,41.38869548705614,3798,19.380517426136652
2026-10-02,Gasolio,Tutte,Stradale,top1,3798,2924,76.98788836229595,3798,19.380517426136652
2026-10-02,Gasolio,Tutte,Stradale,Tutte,19597,9463,48.28800326580599,3798,19.380517426136652
2026-10-02,Gasolio,Tutte,Tutte,altri,16257,6754,41.54518053761457,3857,19.175698518444865
2026-10-02,Gasolio,Tutte,Tutte,top1,3857,2975,77.13248638838476,3857,19.175698518444865
2026-10-02,Gasolio,Tutte,Tutte,Tutte,20114,9729,48.36929501839515,3857,19.175698518444865
2026-10-03,Benzina,Agip Eni,Autostradale,altri,75,74,98.66666666666667,31,29.245283018867923
2026-10-03,Benzina,Agip Eni,Autostradale,top1,31,31,100.0,31,29.245283018867923
2026-10-03,Benzina,Agip Eni,Autostradale,Tutte,106,105,99.05660377358491,31,29.245283018867923
2026-10-03,Benzina,Agip Eni,Stradale,altri,3012,2948,97.87516600265604,739,19.70141295654492
2026-10-03,Benzina,Agip Eni,Stradale,top1,739,737,99.72936400541272,739,19.70141295654492
2026-10-03,Benzina,Agip Eni,Stradale,Tutte,3751,3685,98.24046920821115,739,19.70141295654492
2026-10-03,Benzina,Agip Eni,Tutte,altri,3087,3022,97.89439585357952,770,19.96370235934664
2026-10-03,Benzina,Agip Eni,Tutte,top1,770,768,99.74025974025975,770,19.96370235934664
2026-10-03,Benzina,Agip Eni,Tutte,Tutte,3857,3790,98.26289862587502,770,19.96370235934664
2026-10-03,Benzina,Api-Ip,Autostradale,altri,75,72,96.0,18,19.35483870967742
2026-10-03,Benzina,Api-Ip,Autostradale,top1,18,18,100.0,18,19.35483870967742
2026-10-03,Benzina,Api-Ip,Autostradale,Tutte,93,90,96.7741935483871,18,19.35483870967742
2026-10-03,Benzina,Api-Ip,Stradale,altri,2665,966,36.247654784240154,726,21.409613683279268
2026-10-03,Benzina,Api-Ip,Stradale,top1,726,417,57.438016528925615,726,21.409613683279268
2026-10-03,Benzina,Api-Ip,Stradale,Tutte,3391,1383,40.78442937186671,726,21.409613683279268
2026-10-03,Benzina,Api-Ip,Tutte,altri,2740,1038,37.88321167883212,744,21.354764638346726
2026-10-03,Benzina,Api-Ip,Tutte,top1,744,435,58.46774193548387,744,21.354764638346726
2026-10-03,Benzina,Api-Ip,Tutte,Tutte,3484,1473,42.278989667049366,744,21.354764638346726
2026-10-03,Benzina,Esso,Autostradale,altri,58,4,6.896551724137931,0,0.0
2026-10-03,Benzina,Esso,Autostradale,Tutte,58,4,6.896551724137931,0,0.0
2026-10-03,Benzina,Esso,Stradale,altri,1828,388,21.2253829321663,80,4.1928721174004195
2026-10-03,Benzina,Esso,Stradale,top1,80,35,43.75,80,4.1928721174004195
2026-10-03,Benzina,Esso,Stradale,Tutte,1908,423,22.169811320754718,80,4.1928721174004195
2026-10-03,Benzina,Esso,Tutte,altri,1886,392,20.784729586426298,80,4.069175991861648
2026-10-03,Benzina,Esso,Tutte,top1,80,35,43.75,80,4.069175991861648
2026-10-03,Benzina,Esso,Tutte,Tutte,1966,427,21.719226856561548,80,4.069175991861648
2026-10-03,Benzina,Pompe Bianche,Autostradale,altri,56,25,44.642857142857146,0,0.0
2026-10-03,Benzina,Pompe Bianche,Autostradale,Tutte,56,25,44.642857142857146,0,0.0
2026-10-03,Benzina,Pompe Bianche,Stradale,altri,6353,1501,23.626633086730678,151,2.321648216482165
2026-10-03,Benzina,Pompe Bianche,Stradale,top1,151,1,0.6622516556291391,151,2.321648216482165
2026-10-03,Benzina,Pompe Bianche,Stradale,Tutte,6504,1502,23.09348093480935,151,2.321648216482165
2026-10-03,Benzina,Pompe Bianche,Tutte,altri,6409,1526,23.81026681229521,151,2.301829268292683
2026-10-03,Benzina,Pompe Bianche,Tutte,top1,151,1,0.6622516556291391,151,2.301829268292683
2026-10-03,Benzina,Pompe Bianche,Tutte,Tutte,6560,1527,23.277439024390244,151,2.301829268292683
2026-10-03,Benzina,Q8,Autostradale,altri,81,60,74.07407407407408,2,2.4096385542168677
2026-10-03,Benzina,Q8,Autostradale,top1,2,2,100.0,2,2.4096385542168677
2026-10-03,Benzina,Q8,Autostradale,Tutte,83,62,74.69879518072288,2,2.4096385542168677
2026-10-03,Benzina,Q8,Stradale,altri,1139,743,65.23266022827042,1436,55.76699029126213
2026-10-03,Benzina,Q8,Stradale,top1,1436,1431,99.65181058495823,1436,55.76699029126213
2026-10-03,Benzina,Q8,Stradale,Tutte,2575,2174,84.42718446601943,1436,55.76699029126213
2026-10-03,Benzina,Q8,Tutte,altri,1220,803,65.81967213114754,1438,54.10082768999247
2026-10-03,Benzina,Q8,Tutte,top1,1438,1433,99.65229485396384,1438,54.10082768999247
2026-10-03,Benzina,Q8,Tutte,Tutte,2658,2236,84.12340105342363,1438,54.10082768999247
2026-10-03,Benzina,Shell,Stradale,altri,79,1,1.2658227848101267,75,48.701298701298704
2026-10-03,Benzina,Shell,Stradale,top1,75,15,20.0,75,48.701298701298704
2026-10-03,Benzina,Shell,Stradale,Tutte,154,16,10.38961038961039,75,48.701298701298704
2026-10-03,Benzina,Shell,Tutte,altri,79,1,1.2658227848101267,75,48.701298701298704
2026-10-03,Benzina,Shell,Tutte,top1,75,15,20.0,75,48.701298701298704
2026-10-03,Benzina,Shell,Tutte,Tutte,154,16,10.38961038961039,75,48.701298701298704
2026-10-03,Benzina,Tamoil,Autostradale,altri,36,4,11.11111111111111,8,18.181818181818183
2026-10-03,Benzina,Tamoil,Autostradale,top1,8,0,0.0,8,18.181818181818183
2026-10-03,Benzina,Tamoil,Autostradale,Tutte,44,4,9.090909090909092,8,18.181818181818183
2026-10-03,Benzina,Tamoil,Stradale,altri,784,477,60.84183673469388,619,44.11974340698504
2026-10-03,Benzina,Tamoil,Stradale,top1,619,411,66.39741518578353,619,44.11974340698504
2026-10-03,Benzina,Tamoil,Stradale,Tutte,1403,888,63.29294369208838,619,44.11974340698504
2026-10-03,Benzina,Tamoil,Tutte,altri,820,481,58.65853658536585,627,43.33102971665515
2026-10-03,Benzina,Tamoil,Tutte,top1,627,411,65.55023923444976,627,43.33102971665515
2026-10-03,Benzina,Tamoil,Tutte,Tutte,1447,892,61.64478230822391,627,43.33102971665515
2026-10-03,Benzina,Tutte,Autostradale,altri,381,239,62.72965879265092,59,13.40909090909091
2026-10-03,Benzina,Tutte,Autostradale,top1,59,51,86.4406779661017,59,13.40909090909091
2026-10-03,Benzina,Tutte,Autostradale,Tutte,440,290,65.9090909090909,59,13.40909090909091
2026-10-03,Benzina,Tutte,Stradale,altri,15860,7024,44.2875157629256,3826,19.4351315655796
2026-10-03,Benzina,Tutte,Stradale,top1,3826,3047,79.63930998431783,3826,19.4351315655796
2026-10-03,Benzina,Tutte,Stradale,Tutte,19686,10071,51.158183480646144,3826,19.4351315655796
2026-10-03,Benzina,Tutte,Tutte,altri,16241,7263,44.7201526999569,3885,19.303388651495577
2026-10-03,Benzina,Tutte,Tutte,top1,3885,3098,79.74259974259974,3885,19.303388651495577
2026-10-03,Benzina,Tutte,Tutte,Tutte,20126,10361,51.48067176786246,3885,19.303388651495577
2026-10-03,Gasolio,Agip Eni,Autostradale,altri,82,81,98.78048780487805,31,27.43362831858407
2026-10-03,Gasolio,Agip Eni,Autostradale,top1,31,31,100.0,31,27.43362831858407
2026-10-03,Gasolio,Agip Eni,Autostradale,Tutte,113,112,99.11504424778761,31,27.43362831858407
2026-10-03,Gasolio,Agip Eni,Stradale,altri,3006,2948,98.0705256154358,739,19.73297730307076
2026-10-03,Gasolio,Agip Eni,Stradale,top1,739,738,99.86468200270636,739,19.73297730307076
2026-10-03,Gasolio,Agip Eni,Stradale,Tutte,3745,3686,98.42456608811749,739,19.73297730307076
2026-10-03,Gasolio,Agip Eni,Tutte,altri,3088,3029,98.08937823834198,770,19.9585277345775
2026-10-03,Gasolio,Agip Eni,Tutte,top1,770,769,99.87012987012987,770,19.9585277345775
2026-10-03,Gasolio,Agip Eni,Tutte,Tutte,3858,3798,98.4447900466563,770,19.9585277345775
2026-10-03,Gasolio,Api-Ip,Autostradale,altri,75,72,96.0,18,19.35483870967742
2026-10-03,Gasolio,Api-Ip,Autostradale,top1,18,18,100.0,18,19.35483870967742
2026-10-03,Gasolio,Api-Ip,Autostradale,Tutte,93,90,96.7741935483871,18,19.35483870967742
2026-10-03,Gasolio,Api-Ip,Stradale,altri,2665,986,36.99812382739212,726,21.409613683279268
2026-10-03,Gasolio,Api-Ip,Stradale,top1,726,366,50.413223140495866,726,21.409613683279268
2026-10-03,Gasolio,Api-Ip,Stradale,Tutte,3391,1352,39.87024476555588,726,21.409613683279268
2026-10-03,Gasolio,Api-Ip,Tutte,altri,2740,1058,38.613138686131386,744,21.354764638346726
2026-10-03,Gasolio,Api-Ip,Tutte,top1,744,384,51.61290322580645,744,21.354764638346726
2026-10-03,Gasolio,Api-Ip,Tutte,Tutte,3484,1442,41.389207807118254,744,21.354764638346726
2026-10-03,Gasolio,Esso,Autostradale,altri,68,4,5.88235294117647,0,0.0
2026-10-03,Gasolio,Esso,Autostradale,Tutte,68,4,5.88235294117647,0,0.0
2026-10-03,Gasolio,Esso,Stradale,altri,1825,388,21.26027397260274,80,4.199475065616798
2026-10-03,Gasolio,Esso,Stradale,top1,80,26,32.5,80,4.199475065616798
2026-10-03,Gasolio,Esso,Stradale,Tutte,1905,414,21.73228346456693,80,4.199475065616798
2026-10-03,Gasolio,Esso,Tutte,altri,1893,392,20.707871104067618,80,4.054738976178409
2026-10-03,Gasolio,Esso,Tutte,top1,80,26,32.5,80,4.054738976178409
2026-10-03,Gasolio,Esso,Tutte,Tutte,1973,418,21.186011150532185,80,4.054738976178409
2026-10-03,Gasolio,Pompe Bianche,Autostradale,altri,97,45,46.391752577319586,0,0.0
2026-10-03,Gasolio,Pompe Bianche,Autostradale,Tutte,97,45,46.391752577319586,0,0.0
2026-10-03,Gasolio,Pompe Bianche,Stradale,altri,6317,1643,26.00918157353174,149,2.304361274358181
2026-10-03,Gasolio,Pompe Bianche,Stradale,top1,149,1,0.6711409395973155,149,2.304361274358181
2026-10-03,Gasolio,Pompe Bianche,Stradale,Tutte,6466,1644,25.425301577482212,149,2.304361274358181
2026-10-03,Gasolio,Pompe Bianche,Tutte,altri,6414,1688,26.31743062051762,149,2.2703032149931435
2026-10-03,Gasolio,Pompe Bianche,Tutte,top1,149,1,0.6711409395973155,149,2.2703032149931435
2026-10-03,Gasolio,Pompe Bianche,Tutte,Tutte,6563,1689,25.735182081365227,149,2.2703032149931435
2026-10-03,Gasolio,Q8,Autostradale,altri,95,60,63.1578947368421,2,2.0618556701030926
2026-10-03,Gasolio,Q8,Autostradale,top1,2,2,100.0,2,2.0618556701030926
2026-10-03,Gasolio,Q8,Autostradale,Tutte,97,62,63.91752577319587,2,2.0618556701030926
2026-10-03,Gasolio,Q8,Stradale,altri,1139,754,66.19841966637401,1429,55.64641744548287
2026-10-03,Gasolio,Q8,Stradale,top1,1429,1427,99.86004198740378,1429,55.64641744548287
2026-10-03,Gasolio,Q8,Stradale,Tutte,2568,2181,84.92990654205607,1429,55.64641744548287
2026-10-03,Gasolio,Q8,Tutte,altri,1234,814,65.96434359805511,1431,53.69606003752345
2026-10-03,Gasolio,Q8,Tutte,top1,1431,1429,99.86023759608665,1431,53.69606003752345
2026-10-03,Gasolio,Q8,Tutte,Tutte,2665,2243,84.16510318949342,1431,53.69606003752345
2026-10-03,Gasolio,Shell,Stradale,altri,78,1,1.282051282051282,75,49.01960784313725
2026-10-03,Gasolio,Shell,Stradale,top1,75,13,17.333333333333336,75,49.01960784313725
2026-10-03,Gasolio,Shell,Stradale,Tutte,153,14,9.15032679738562,75,49.01960784313725
2026-10-03,Gasolio,Shell,Tutte,altri,78,1,1.282051282051282,75,49.01960784313725
2026-10-03,Gasolio,Shell,Tutte,top1,75,13,17.333333333333336,75,49.01960784313725
2026-10-03,Gasolio,Shell,Tutte,Tutte,153,14,9.15032679738562,75,49.01960784313725
2026-10-03,Gasolio,Tamoil,Autostradale,altri,42,7,16.666666666666664,8,16.0
2026-10-03,Gasolio,Tamoil,Autostradale,top1,8,0,0.0,8,16.0
2026-10-03,Gasolio,Tamoil,Autostradale,Tutte,50,7,14.000000000000002,8,16.0
2026-10-03,Gasolio,Tamoil,Stradale,altri,774,462,59.68992248062015,598,43.58600583090379
2026-10-03,Gasolio,Tamoil,Stradale,top1,598,399,66.72240802675586,598,43.58600583090379
2026-10-03,Gasolio,Tamoil,Stradale,Tutte,1372,861,62.755102040816325,598,43.58600583090379
2026-10-03,Gasolio,Tamoil,Tutte,altri,816,469,57.475490196078425,606,42.616033755274266
2026-10-03,Gasolio,Tamoil,Tutte,top1,606,399,65.84158415841584,606,42.616033755274266
2026-10-03,Gasolio,Tamoil,Tutte,Tutte,1422,868,61.04078762306611,606,42.616033755274266
2026-10-03,Gasolio,Tutte,Autostradale,altri,459,269,58.605664488017425,59,11.389961389961389
2026-10-03,Gasolio,Tutte,Autostradale,top1,59,51,86.4406779661017,59,11.389961389961389
2026-10-03,Gasolio,Tutte,Autostradale,Tutte,518,320,61.77606177606177,59,11.389961389961389
2026-10-03,Gasolio,Tutte,Stradale,altri,15804,7182,45.44419134396355,3796,19.36734693877551
2026-10-03,Gasolio,Tutte,Stradale,top1,3796,2970,78.24025289778714,3796,19.36734693877551
2026-10-03,Gasolio,Tutte,Stradale,Tutte,19600,10152,51.795918367346935,3796,19.36734693877551
2026-10-03,Gasolio,Tutte,Tutte,altri,16263,7451,45.81565516817315,3855,19.161944527288995
2026-10-03,Gasolio,Tutte,Tutte,top1,3855,3021,78.36575875486382,3855,19.161944527288995
2026-10-03,Gasolio,Tutte,Tutte,Tutte,20118,10472,52.052887961029924,3855,19.161944527288995
2026-10-04,Benzina,Agip Eni,Autostradale,altri,75,74,98.66666666666667,31,29.245283018867923
2026-10-04,Benzina,Agip Eni,Autostradale,top1,31,31,100.0,31,29.245283018867923
2026-10-04,Benzina,Agip Eni,Autostradale,Tutte,106,105,99.05660377358491,31,29.245283018867923
2026-10-04,Benzina,Agip Eni,Stradale,altri,3012,2952,98.00796812749005,739,19.70141295654492
2026-10-04,Benzina,Agip Eni,Stradale,top1,739,737,99.72936400541272,739,19.70141295654492
2026-10-04,Benzina,Agip Eni,Stradale,Tutte,3751,3689,98.34710743801654,739,19.70141295654492
2026-10-04,Benzina,Agip Eni,Tutte,altri,3087,3026,98.02397149335926,770,19.96370235934664
2026-10-04,Benzina,Agip Eni,Tutte,top1,770,768,99.74025974025975,770,19.96370235934664
2026-10-04,Benzina,Agip Eni,Tutte,Tutte,3857,3794,98.36660617059891,770,19.96370235934664
2026-10-04,Benzina,Api-Ip,Autostradale,altri,76,73,96.05263157894737,18,19.148936170212767
2026-10-04,Benzina,Api-Ip,Autostradale,top1,18,18,100.0,18,19.148936170212767
2026-10-04,Benzina,Api-Ip,Autostradale,Tutte,94,91,96.80851063829788,18,19.148936170212767
2026-10-04,Benzina,Api-Ip,Stradale,altri,2662,974,36.58903080390684,726,21.428571428571427
2026-10-04,Benzina,Api-Ip,Stradale,top1,726,419,57.71349862258953,726,21.428571428571427
2026-10-04,Benzina,Api-Ip,Stradale,Tutte,3388,1393,41.11570247933884,726,21.428571428571427
2026-10-04,Benzina,Api-Ip,Tutte,altri,2738,1047,38.239590942293646,744,21.367030442274555
2026-10-04,Benzina,Api-Ip,Tutte,top1,744,437,58.73655913978495,744,21.367030442274555
2026-10-04,Benzina,Api-Ip,Tutte,Tutte,3482,1484,42.61918437679494,744,21.367030442274555
2026-10-04,Benzina,Esso,Autostradale,altri,58,4,6.896551724137931,0,0.0
2026-10-04,Benzina,Esso,Autostradale,Tutte,58,4,6.896551724137931,0,0.0
2026-10-04,Benzina,Esso,Stradale,altri,1828,418,22.86652078774617,80,4.1928721174004195
2026-10-04,Benzina,Esso,Stradale,top1,80,35,43.75,80,4.1928721174004195
2026-10-04,Benzina,Esso,Stradale,Tutte,1908,453,23.742138364779876,80,4.1928721174004195
2026-10-04,Benzina,Esso,Tutte,altri,1886,422,22.375397667020145,80,4.069175991861648
2026-10-04,Benzina,Esso,Tutte,top1,80,35,43.75,80,4.069175991861648
2026-10-04,Benzina,Esso,Tutte,Tutte,1966,457,23.245167853509667,80,4.069175991861648
2026-10-04,Benzina,Pompe Bianche,Autostradale,altri,56,26,46.42857142857143,0,0.0
2026-10-04,Benzina,Pompe Bianche,Autostradale,Tutte,56,26,46.42857142857143,0,0.0
2026-10-04,Benzina,Pompe Bianche,Stradale,altri,6345,1589,25.043341213553976,151,2.3245073891625614
2026-10-04,Benzina,Pompe Bianche,Stradale,top1,151,1,0.6622516556291391,151,2.3245073891625614
2026-10-04,Benzina,Pompe Bianche,Stradale,Tutte,6496,1590,24.476600985221676,151,2.3245073891625614
2026-10-04,Benzina,Pompe Bianche,Tutte,altri,6401,1615,25.230432744883615,151,2.304639804639805
2026-10-04,Benzina,Pompe Bianche,Tutte,top1,151,1,0.6622516556291391,151,2.304639804639805
2026-10-04,Benzina,Pompe Bianche,Tutte,Tutte,6552,1616,24.664224664224665,151,2.304639804639805
2026-10-04,Benzina,Q8,Autostradale,altri,80,62,77.5,2,2.4390243902439024
2026-10-04,Benzina,Q8,Autostradale,top1,2,2,100.0,2,2.4390243902439024
2026-10-04,Benzina,Q8,Autostradale,Tutte,82,64,78.04878048780488,2,2.4390243902439024
2026-10-04,Benzina,Q8,Stradale,altri,1140,789,69.21052631578948,1436,55.74534161490683
2026-10-04,Benzina,Q8,Stradale,top1,1436,1431,99.65181058495823,1436,55.74534161490683
2026-10-04,Benzina,Q8,Stradale,Tutte,2576,2220,86.18012422360249,1436,55.74534161490683
2026-10-04,Benzina,Q8,Tutte,altri,1220,851,69.75409836065573,1438,54.10082768999247
2026-10-04,Benzina,Q8,Tutte,top1,1438,1433,99.65229485396384,1438,54.10082768999247
2026-10-04,Benzina,Q8,Tutte,Tutte,2658,2284,85.92927012791573,1438,54.10082768999247
2026-10-04,Benzina,Shell,Stradale,altri,79,2,2.5316455696202533,75,48.701298701298704
2026-10-04,Benzina,Shell,Stradale,top1,75,15,20.0,75,48.701298701298704
2026-10-04,Benzina,Shell,Stradale,Tutte,154,17,11.03896103896104,75,48.701298701298704
2026-10-04,Benzina,Shell,Tutte,altri,79,2,2.5316455696202533,75,48.701298701298704
2026-10-04,Benzina,Shell,Tutte,top1,75,15,20.0,75,48.701298701298704
2026-10-04,Benzina,Shell,Tutte,Tutte,154,17,11.03896103896104,75,48.701298701298704
2026-10-04,Benzina,Tamoil,Autostradale,altri,37,4,10.81081081081081,8,17.77777777777778
2026-10-04,Benzina,Tamoil,Autostradale,top1,8,0,0.0,8,17.77777777777778
2026-10-04,Benzina,Tamoil,Autostradale,Tutte,45,4,8.88888888888889,8,17.77777777777778
2026-10-04,Benzina,Tamoil,Stradale,altri,779,483,62.002567394094996,619,44.27753934191702
2026-10-04,Benzina,Tamoil,Stradale,top1,619,413,66.72051696284329,619,44.27753934191702
2026-10-04,Benzina,Tamoil,Stradale,Tutte,1398,896,64.09155937052932,619,44.27753934191702
2026-10-04,Benzina,Tamoil,Tutte,altri,816,487,59.681372549019606,627,43.45114345114345
2026-10-04,Benzina,Tamoil,Tutte,top1,627,413,65.86921850079744,627,43.45114345114345
2026-10-04,Benzina,Tamoil,Tutte,Tutte,1443,900,62.37006237006237,627,43.45114345114345
2026-10-04,Benzina,Tutte,Autostradale,altri,382,243,63.61256544502618,59,13.378684807256235
2026-10-04,Benzina,Tutte,Autostradale,top1,59,51,86.4406779661017,59,13.378684807256235
2026-10-04,Benzina,Tutte,Autostradale,Tutte,441,294,66.66666666666666,59,13.378684807256235
2026-10-04,Benzina,Tutte,Stradale,altri,15845,7207,45.48437993057747,3826,19.449951705556405
2026-10-04,Benzina,Tutte,Stradale,top1,3826,3051,79.74385781495033,3826,19.449951705556405
2026-10-04,Benzina,Tutte,Stradale,Tutte,19671,10258,52.14783183366377,3826,19.449951705556405
2026-10-04,Benzina,Tutte,Tutte,altri,16227,7450,45.911135761385346,3885,19.316825775656323
2026-10-04,Benzina,Tutte,Tutte,top1,3885,3102,79.84555984555985,3885,19.316825775656323
2026-10-04,Benzina,Tutte,Tutte,Tutte,20112,10552,52.46618933969769,3885,19.316825775656323
2026-10-04,Gasolio,Agip Eni,Autostradale,altri,82,81,98.78048780487805,31,27.43362831858407
2026-10-04,Gasolio,Agip Eni,Autostradale,top1,31,31,100.0,31,27.43362831858407
2026-10-04,Gasolio,Agip Eni,Autostradale,Tutte,113,112,99.11504424778761,31,27.43362831858407
2026-10-04,Gasolio,Agip Eni,Stradale,altri,3004,2950,98.20239680426099,739,19.74352123964734
2026-10-04,Gasolio,Agip Eni,Stradale,top1,739,738,99.86468200270636,739,19.74352123964734
2026-10-04,Gasolio,Agip Eni,Stradale,Tutte,3743,3688,98.53059043547955,739,19.74352123964734
2026-10-04,Gasolio,Agip Eni,Tutte,altri,3086,3031,98.21775761503565,770,19.968879668049794
2026-10-04,Gasolio,Agip Eni,Tutte,top1,770,769,99.87012987012987,770,19.968879668049794
2026-10-04,Gasolio,Agip Eni,Tutte,Tutte,3856,3800,98.54771784232366,770,19.968879668049794
2026-10-04,Gasolio,Api-Ip,Autostradale,altri,76,73,96.05263157894737,18,19.148936170212767
2026-10-04,Gasolio,Api-Ip,Autostradale,top1,18,18,100.0,18,19.148936170212767
2026-10-04,Gasolio,Api-Ip,Autostradale,Tutte,94,91,96.80851063829788,18,19.148936170212767
2026-10-04,Gasolio,Api-Ip,Stradale,altri,2664,1002,37.61261261261261,726,21.415929203539825
2026-10-04,Gasolio,Api-Ip,Stradale,top1,726,370,50.964187327823694,726,21.415929203539825
2026-10-04,Gasolio,Api-Ip,Stradale,Tutte,3390,1372,40.471976401179944,726,21.415929203539825
2026-10-04,Gasolio,Api-Ip,Tutte,altri,2740,1075,39.23357664233576,744,21.354764638346726
2026-10-04,Gasolio,Api-Ip,Tutte,top1,744,388,52.1505376344086,744,21.354764638346726
2026-10-04,Gasolio,Api-Ip,Tutte,Tutte,3484,1463,41.991963260619976,744,21.354764638346726
2026-10-04,Gasolio,Esso,Autostradale,altri,68,4,5.88235294117647,0,0.0
2026-10-04,Gasolio,Esso,Autostradale,Tutte,68,4,5.88235294117647,0,0.0
2026-10-04,Gasolio,Esso,Stradale,altri,1826,411,22.508214676889377,80,4.197271773347324
2026-10-04,Gasolio,Esso,Stradale,top1,80,26,32.5,80,4.197271773347324
2026-10-04,Gasolio,Esso,Stradale,Tutte,1906,437,22.927597061909758,80,4.197271773347324
2026-10-04,Gasolio,Esso,Tutte,altri,1894,415,21.911298838437173,80,4.052684903748734
2026-10-04,Gasolio,Esso,Tutte,top1,80,26,32.5,80,4.052684903748734
2026-10-04,Gasolio,Esso,Tutte,Tutte,1974,441,22.340425531914892,80,4.052684903748734
2026-10-04,Gasolio,Pompe Bianche,Autostradale,altri,97,45,46.391752577319586,0,0.0
2026-10-04,Gasolio,Pompe Bianche,Autostradale,Tutte,97,45,46.391752577319586,0,0.0
2026-10-04,Gasolio,Pompe Bianche,Stradale,altri,6316,1741,27.56491450284991,149,2.3047177107501935
2026-10-04,Gasolio,Pompe Bianche,Stradale,top1,149,1,0.6711409395973155,149,2.3047177107501935
2026-10-04,Gasolio,Pompe Bianche,Stradale,Tutte,6465,1742,26.94508894044857,149,2.3047177107501935
2026-10-04,Gasolio,Pompe Bianche,Tutte,altri,6413,1786,27.84968033681584,149,2.2706491923194148
2026-10-04,Gasolio,Pompe Bianche,Tutte,top1,149,1,0.6711409395973155,149,2.2706491923194148
2026-10-04,Gasolio,Pompe Bianche,Tutte,Tutte,6562,1787,27.232551051508686,149,2.2706491923194148
2026-10-04,Gasolio,Q8,Autostradale,altri,95,60,63.1578947368421,2,2.0618556701030926
2026-10-04,Gasolio,Q8,Autostradale,top1,2,2,100.0,2,2.0618556701030926
2026-10-04,Gasolio,Q8,Autostradale,Tutte,97,62,63.91752577319587,2,2.0618556701030926
2026-10-04,Gasolio,Q8,Stradale,altri,1141,797,69.8510078878177,1429,55.60311284046693
2026-10-04,Gasolio,Q8,Stradale,top1,1429,1427,99.86004198740378,1429,55.60311284046693
2026-10-04,Gasolio,Q8,Stradale,Tutte,2570,2224,86.53696498054475,1429,55.60311284046693
2026-10-04,Gasolio,Q8,Tutte,altri,1236,857,69.33656957928802,1431,53.655793025871766
2026-10-04,Gasolio,Q8,Tutte,top1,1431,1429,99.86023759608665,1431,53.655793025871766
2026-10-04,Gasolio,Q8,Tutte,Tutte,2667,2286,85.71428571428571,1431,53.655793025871766
2026-10-04,Gasolio,Shell,Stradale,altri,78,2,2.564102564102564,75,49.01960784313725
2026-10-04,Gasolio,Shell,Stradale,top1,75,13,17.333333333333336,75,49.01960784313725
2026-10-04,Gasolio,Shell,Stradale,Tutte,153,15,9.803921568627452,75,49.01960784313725
2026-10-04,Gasolio,Shell,Tutte,altri,78,2,2.564102564102564,75,49.01960784313725
2026-10-04,Gasolio,Shell,Tutte,top1,75,13,17.333333333333336,75,49.01960784313725
2026-10-04,Gasolio,Shell,Tutte,Tutte,153,15,9.803921568627452,75,49.01960784313725
2026-10-04,Gasolio,Tamoil,Autostradale,altri,43,7,16.27906976744186,8,15.686274509803921
2026-10-04,Gasolio,Tamoil,Autostradale,top1,8,0,0.0,8,15.686274509803921
2026-10-04,Gasolio,Tamoil,Autostradale,Tutte,51,7,13.725490196078432,8,15.686274509803921
2026-10-04,Gasolio,Tamoil,Stradale,altri,770,465,60.3896103896104,598,43.71345029239766
2026-10-04,Gasolio,Tamoil,Stradale,top1,598,401,67.05685618729098,598,43.71345029239766
2026-10-04,Gasolio,Tamoil,Stradale,Tutte,1368,866,63.30409356725146,598,43.71345029239766
2026-10-04,Gasolio,Tamoil,Tutte,altri,813,472,58.05658056580566,606,42.706131078224104
2026-10-04,Gasolio,Tamoil,Tutte,top1,606,401,66.17161716171617,606,42.706131078224104
2026-10-04,Gasolio,Tamoil,Tutte,Tutte,1419,873,61.52219873150106,606,42.706131078224104
2026-10-04,Gasolio,Tutte,Autostradale,altri,461,270,58.56832971800434,59,11.346153846153847
2026-10-04,Gasolio,Tutte,Autostradale,top1,59,51,86.4406779661017,59,11.346153846153847
2026-10-04,Gasolio,Tutte,Autostradale,Tutte,520,321,61.73076923076923,59,11.346153846153847
2026-10-04,Gasolio,Tutte,Stradale,altri,15799,7368,46.63586302930565,3796,19.372288849196224
2026-10-04,Gasolio,Tutte,Stradale,top1,3796,2976,78.39831401475237,3796,19.372288849196224
2026-10-04,Gasolio,Tutte,Stradale,Tutte,19595,10344,52.788976779790765,3796,19.372288849196224
2026-10-04,Gasolio,Tutte,Tutte,altri,16260,7638,46.974169741697416,3855,19.164802386278897
2026-10-04,Gasolio,Tutte,Tutte,top1,3855,3027,78.52140077821012,3855,19.164802386278897
2026-10-04,Gasolio,Tutte,Tutte,Tutte,20115,10665,53.02013422818792,3855,19.164802386278897
