fuel,group,tipo_impianto,n_obs,n_below,pct_below_pooled,pct_below_daily_mean
Benzina,Large,Autostradale,717,34,4.741980474198047,4.7401484865790975
Benzina,Large,Stradale,24238,4347,17.934648073273372,17.943658146495544
Benzina,Large,Tutte,24955,4381,17.55560008014426,17.564218535772877
Benzina,Majors,Autostradale,1971,1311,66.5144596651446,66.51412020361883
Benzina,Majors,Stradale,68027,34946,51.370779249415676,51.3559691106809
Benzina,Majors,Tutte,69998,36257,51.79719420554873,51.782503627966705
Benzina,Pompe Bianche,Autostradale,392,61,15.561224489795919,15.561224489795919
Benzina,Pompe Bianche,Stradale,45457,5924,13.032096266801593,13.021440175018947
Benzina,Pompe Bianche,Tutte,45849,5985,13.053719819407183,13.04312771128261
Benzina,Tutte,Autostradale,3080,1406,45.64935064935065,45.643278384434076
Benzina,Tutte,Stradale,137722,45217,32.83208202030177,32.822472724758256
Benzina,Tutte,Tutte,140802,46623,33.11245578898027,33.10290149210696
Gasolio,Large,Autostradale,830,33,3.975903614457831,3.9758276191832667
Gasolio,Large,Stradale,23998,4255,17.730644220351696,17.738536727753477
Gasolio,Large,Tutte,24828,4288,17.27082326405671,17.27893850002034
Gasolio,Majors,Autostradale,2120,1358,64.05660377358491,64.03807141780752
Gasolio,Majors,Stradale,67938,34954,51.449851335040776,51.43864807024079
Gasolio,Majors,Tutte,70058,36312,51.83133974706672,51.81986268957003
Gasolio,Pompe Bianche,Autostradale,691,105,15.195369030390736,15.410898379970545
Gasolio,Pompe Bianche,Stradale,45270,6557,14.484205875855977,14.483534681293376
Gasolio,Pompe Bianche,Tutte,45961,6662,14.494897848175627,14.496301205412363
Gasolio,Tutte,Autostradale,3641,1496,41.08761329305136,41.124229429016566
Gasolio,Tutte,Stradale,137206,45766,33.35568415375421,33.35277563269988
Gasolio,Tutte,Tutte,140847,47262,33.55556028882404,33.553789602604
