fuel,group,regione,tipo_impianto,n_obs,net_mean,net_sd,net_min,net_max,gross_mean,net_mean_pre,gross_mean_pre,net_mean_post,gross_mean_post,net_delta_post_pre,gross_delta_post_pre
Benzina,Large,Abruzzo,Autostradale,353,1.0463866762643386,0.06863900365197338,0.9000508196721312,1.1869360655737706,2.0959745042492917,1.0448697402414393,2.0941060171919768,1.1787393442622953,2.259,0.13386960402085601,0.16489398280802314
Benzina,Large,Abruzzo,Stradale,5882,0.9712980535225557,0.07420647412340603,0.7689032786885247,1.2361163934426234,2.0038993539612378,0.969886293323111,2.0021540577716643,1.0957040735221064,2.1576969696969694,0.12581778019899537,0.15554291192530512
Benzina,Large,Basilicata,Stradale,3068,0.9787636565712698,0.07566362446925351,0.7771,1.1787393442622953,2.012882333767927,0.9773497354154518,2.011134716732543,1.1129094262295083,2.1786875,0.1355596908140565,0.16755278326745726
Benzina,Large,Calabria,Autostradale,180,1.020205646630237,0.07528967582995968,0.8590672131147542,1.154149180327869,2.0635555555555554,1.0187467121016764,2.0617528089887642,1.1500508196721313,2.224,0.13130410757045485,0.16224719101123597
Benzina,Large,Calabria,Stradale,16867,0.9864738671010521,0.07830722177872185,0.7689032786885247,1.211526229508197,2.0223963953281556,0.985033423752801,2.0206161870503596,1.1149583326027879,2.181187165775401,0.12992490884998686,0.16057097872504134
Benzina,Large,Campania,Autostradale,1069,1.0605884755171833,0.08354148338629656,0.8828377049180328,1.2771,2.1130299345182415,1.05883767389922,2.1108732261116367,1.2148049180327871,2.303,0.1559672441335671,0.1921267738883632
Benzina,Large,Campania,Stradale,21913,0.9696957568416983,0.07621462921305158,0.7525098360655739,1.3025098360655738,2.001831698078766,0.968209363748041,1.9999945551864156,1.1033601183592954,2.16703734439834,0.13515075461125436,0.1670427892119246
Benzina,Large,Emilia-Romagna,Autostradale,618,1.0325353016075125,0.07171780142018827,0.8918540983606559,1.2033295081967217,2.0785582524271846,1.0311031123393524,2.0767872340425533,1.1575449648711944,2.2331428571428575,0.12644185253184204,0.15635562310030426
Benzina,Large,Emilia-Romagna,Stradale,22377,0.961960589437193,0.0783393958719447,0.7254606557377049,1.1869360655737706,1.9923572864995307,0.9605239512833161,1.9905807355200147,1.0928188153545166,2.1541769547325105,0.1322948640712005,0.16359621921249579
Benzina,Large,Friuli-Venezia Giulia,Autostradale,242,1.070579880774963,0.07272246240657461,0.8836573770491803,1.2361163934426234,2.125028925619835,1.0687901022017972,2.1228200836820084,1.213165573770492,2.301,0.1443754715686949,0.1781799163179918
Benzina,Large,Friuli-Venezia Giulia,Stradale,6186,0.996811352445766,0.08296588685257861,0.7607065573770494,1.293493442622951,2.0350362107985775,0.9953059136456585,2.0331768840935096,1.1302717747683535,2.199869565217391,0.13496586112269504,0.16669268112388158
Benzina,Large,Lazio,Autostradale,450,1.0248486338797815,0.08263138776412564,0.8508704918032787,1.1959524590163935,2.06922,1.0232650396021368,2.067265168539326,1.165788524590164,2.2432,0.14252348498802725,0.1759348314606739
Benzina,Large,Lazio,Stradale,21482,0.9605678976375189,0.0763746470453703,0.7279196721311477,1.211526229508197,1.9907834931570616,0.959081449830047,1.988947187573547,1.0938150861174518,2.155392405063291,0.13473363628740487,0.16644521748974395
Benzina,Large,Liguria,Autostradale,1046,1.0441383662978405,0.07071669457426541,0.8836573770491803,1.195132786885246,2.09297896749522,1.042588949487903,2.091067698259188,1.177646448087432,2.2576666666666667,0.13505749859952898,0.16659896840747868
Benzina,Large,Liguria,Stradale,6105,0.9650507525409165,0.07548263552086866,0.7500508196721313,1.1459524590163936,1.9962316134316136,0.9636258501535613,1.9944699353983766,1.0915527483124396,2.1526323529411764,0.12792689815887837,0.1581624175427998
Benzina,Large,Lombardia,Autostradale,1137,1.0325190636849921,0.078557057136268,0.8369360655737706,1.268903278688525,2.078679859278804,1.0310138615016629,2.0768211743772245,1.1626611601513241,2.2393846153846155,0.1316472986496613,0.16256344100739106
Benzina,Large,Lombardia,Stradale,57039,0.9614696389499391,0.07759987536969387,0.7443131147540986,1.252509836065574,1.9917984887533091,0.9600542017403706,1.9900482976196805,1.090693559340018,2.151584142394822,0.1306393575996474,0.16153584477514138
Benzina,Large,Marche,Stradale,13762,0.9613900145565957,0.07753528701303078,0.7328377049180329,1.2697229508196721,1.9918081674175265,0.9599210382513663,1.989993092298648,1.0911941026186929,2.152194805194805,0.13127306436732655,0.16220171289615726
Benzina,Large,Molise,Autostradale,179,1.0370322282260283,0.06492991072234532,0.8836573770491803,1.17054262295082,2.084072625698324,1.0357088728350468,2.0824350282485877,1.1541491803278692,2.229,0.11844030749282242,0.14656497175141237
Benzina,Large,Molise,Stradale,2862,0.9790280338179195,0.06721606174752973,0.7852967213114755,1.1459524590163936,2.0133060796645705,0.9777438625963043,2.011716254416961,1.0925969262295083,2.15390625,0.11485306363320402,0.1421899955830388
Benzina,Large,Piemonte,Autostradale,1059,1.0380428938528463,0.07548126766056683,0.825460655737705,1.252509836065574,2.085449480642115,1.0367207744218454,2.0838147086914995,1.1533978142076504,2.2280833333333336,0.11667703978580501,0.1442686246418341
Benzina,Large,Piemonte,Stradale,29256,0.9607651974430355,0.07651784371570784,0.6623459016393444,1.2607065573770493,1.9909760732841126,0.9593479068373343,1.9892235855251788,1.0877202101202863,2.147956656346749,0.12837230328295202,0.1587330708215704
Benzina,Large,Puglia,Autostradale,539,1.0410694029623773,0.08019407346763291,0.8336573770491805,1.211526229508197,2.0890055658627085,1.0394166118168118,2.086966228893058,1.1878923497267762,2.270166666666667,0.14847573790996438,0.18320043777360873
Benzina,Large,Puglia,Stradale,11414,0.9798864112809407,0.0783787453016417,0.736116393442623,1.211526229508197,2.0143846153846154,0.9785077356829731,2.0126797802587277,1.101446823770492,2.164703125,0.12293908808751886,0.15202334474127221
Benzina,Large,Sardegna,Stradale,15481,0.9737857840547006,0.07558642547182708,0.7525098360655739,1.195132786885246,2.0068998126735997,0.9724045942116982,2.0051916519694295,1.096719710255433,2.1589360465116276,0.12431511604373469,0.15374439454219813
Benzina,Large,Sicilia,Autostradale,360,1.033554918032787,0.0758078679459179,0.8426737704918034,1.1869360655737706,2.079841666666667,1.0320387548351446,2.0779691011235957,1.168493442622951,2.2465,0.13645468778780634,0.1685308988764045
Benzina,Large,Sicilia,Stradale,22345,0.9745046711590594,0.07743668044804379,0.7492311475409837,1.211526229508197,2.0076907138062206,0.9730074613006772,2.005840752804922,1.1118255288755867,2.1773651452282157,0.13881806757490955,0.17152439242329365
Benzina,Large,Toscana,Autostradale,344,1.0365143156690813,0.06598025459796747,0.9271000000000001,1.1910344262295083,2.084421511627907,1.0350725168756028,2.08265,1.1590672131147541,2.235,0.12399469623915138,0.15234999999999976
Benzina,Large,Toscana,Stradale,21976,0.9704845118668952,0.07463053858998206,0.7590672131147543,1.17054262295082,2.002894475791773,0.9690660590188073,2.001141213822298,1.0973455643257102,2.159699588477366,0.1282795053069029,0.15855837465506806
Benzina,Large,Trentino-Alto Adige/Südtirol,Autostradale,495,1.0454159463487334,0.08590214730978914,0.850050819672131,1.2443131147540982,2.094250505050505,1.0436007207750848,2.0920102249488752,1.193356830601093,2.2768333333333337,0.1497561098260083,0.18482310838445848
Benzina,Large,Trentino-Alto Adige/Südtirol,Stradale,6145,0.9941907975296456,0.07933300680387391,0.7852967213114755,1.2443131147540982,2.031825711960944,0.9926621688125278,2.029937788018433,1.1287987407935376,2.198072463768116,0.1361365719810098,0.1681346757496831
Benzina,Large,Umbria,Autostradale,82,1.1012803278688525,0.05537014808025772,1.014804918032787,1.2197229508196723,2.1637560975609755,1.0998180732645215,2.161962962962963,1.2197229508196723,2.309,0.11990487755515078,0.14703703703703708
Benzina,Large,Umbria,Stradale,6027,0.9624280456524875,0.07606645734767556,0.736116393442623,1.1459524590163936,1.9930658702505393,0.9609245406535374,1.991208724832215,1.096172669439687,2.1582686567164178,0.13524812878614956,0.16705993188420276
Benzina,Large,Valle d'Aosta,Stradale,1258,0.9718855039224374,0.07310296133112279,0.7771,1.1377557377049183,2.0046017488076315,0.9704892520162355,2.0028754019292605,1.0959524590163936,2.158,0.12546320700015812,0.15512459807073942
Benzina,Large,Veneto,Autostradale,822,1.0098968569263294,0.0766339764508564,0.8066081967213115,1.1836573770491805,2.050785888077859,1.0088363337567803,2.0494674046740466,1.1056974499089256,2.169888888888889,0.09686111615214532,0.12042148421484233
Benzina,Large,Veneto,Stradale,24189,0.9664798427547002,0.0790672157997692,0.7115262295081969,1.2033295081967217,1.9979402207615031,0.9650455808697714,1.996167035906868,1.0954717490447432,2.1574135338345863,0.13042616817497177,0.1612464979277184
Benzina,Majors,Abruzzo,Autostradale,1080,1.02841299332119,0.08445224491557408,0.8344770491803278,1.2361163934426234,2.0735685185185186,1.0271330017805613,2.0719840823970035,1.1423322404371585,2.214583333333333,0.1151992386565972,0.14259925093632964
Benzina,Majors,Abruzzo,Stradale,26142,0.9709854440627544,0.07432454805856968,0.7467721311475412,1.22382131147541,2.003514842016678,0.9697804071408188,2.0020218181818183,1.077664226364249,2.1356883561643834,0.10788381922343027,0.133666537982565
Benzina,Majors,Basilicata,Autostradale,180,1.047295810564663,0.0782255131535701,0.8828377049180328,1.2033295081967217,2.0966055555555556,1.045547227850433,2.0944494382022474,1.2029196721311477,2.2885,0.15737244428071473,0.1940505617977526
Benzina,Majors,Basilicata,Stradale,9184,0.9867483727937398,0.07558602273216808,0.736116393442623,1.211526229508197,2.022758493031359,0.9855269551373462,2.0212457608456287,1.095502442944391,2.157450980392157,0.10997548780704469,0.13620521954652842
Benzina,Majors,Calabria,Autostradale,861,1.0584217570114811,0.0748587295167567,0.8672639344262295,1.2361163934426234,2.1100871080139374,1.058131958544432,2.1097085781433607,1.0830836065573775,2.1423,0.02495164801294547,0.032591421856639435
Benzina,Majors,Calabria,Stradale,29113,0.9862457086660065,0.07757067255709273,0.7607065573770494,1.266444262295082,2.0221337203311234,0.9849529988588143,2.020533764068362,1.1007519546027742,2.1638553846153843,0.11579895574395993,0.14332162054702247
Benzina,Majors,Campania,Autostradale,1797,1.022359859328389,0.07752459823330773,0.8016901639344264,1.2156245901639342,2.0661803005008346,1.0216292186837304,2.065267154105737,1.090732441760138,2.1516315789473683,0.0691032230764077,0.08636442484163132
Benzina,Majors,Campania,Stradale,55006,0.9735778507024272,0.07711382320859407,0.6869360655737705,1.2484114754098359,2.006671344944188,0.9722347724777275,2.005009817800739,1.09236056244169,2.1536178861788615,0.12012578996396261,0.14860806837812257
Benzina,Majors,Emilia-Romagna,Autostradale,2443,1.0383781248532107,0.08378979669298381,0.8172639344262297,1.252509836065574,2.0857367990176012,1.03742243831246,2.0845474120082814,1.1208060889929745,2.1883214285714288,0.08338365068051456,0.10377401656314733
Benzina,Majors,Emilia-Romagna,Stradale,69905,0.9675283565166309,0.07834768593169494,0.7115262295081969,1.2607065573770493,1.9992763178599526,0.9662055612876577,1.9976395972863115,1.0856758461473293,2.1454625322997414,0.1194702848596716,0.1478229350134299
Benzina,Majors,Friuli-Venezia Giulia,Autostradale,179,1.0372016576609582,0.07593047482816252,0.8590672131147542,1.2107065573770495,2.084279329608939,1.0369916365657128,2.084,1.0557885245901641,2.109,0.01879688802445134,0.02499999999999991
Benzina,Majors,Friuli-Venezia Giulia,Stradale,21753,0.9841686688777807,0.0816499727645747,0.736116393442623,1.282018032786885,2.0196019399623037,0.9830581894810649,2.018224314272431,1.082466659920394,2.1415473251028807,0.0994084704393291,0.1233230108304495
Benzina,Majors,Lazio,Autostradale,2958,1.0160895698245382,0.07717806081967295,0.7852967213114755,1.2443131147540982,2.058525693035835,1.0154090197573502,2.0576716826265393,1.0746168756027001,2.131970588235294,0.05920785584534993,0.07429890560875485
Benzina,Majors,Lazio,Stradale,93956,0.9688387821575359,0.07782035731207819,0.6869360655737705,1.3025098360655738,2.0009034760951936,0.9675772813963591,1.999341903613939,1.081763760699959,2.14068978805395,0.11418647930359993,0.14134788444001112
Benzina,Majors,Liguria,Autostradale,1439,1.0134327219494412,0.08152649520074957,0.8000508196721311,1.2361163934426234,2.055291174426685,1.0125336831676326,2.0541714687280397,1.0933909836065576,2.154875,0.08085730043892503,0.10070353127196041
Benzina,Majors,Liguria,Stradale,23799,0.9753783751073714,0.07847987545037725,0.7303786885245903,1.293493442622951,2.008838858775579,0.9740355372361361,2.007177480348417,1.0950893194237459,2.1569469696969694,0.12105378218760976,0.1497694893485524
Benzina,Majors,Lombardia,Autostradale,3747,1.0312972375714782,0.08438673996777445,0.7771,1.268903278688525,2.077167066986923,1.0300268001380128,2.075595520777118,1.1461323870451823,2.219219512195122,0.11610558690716943,0.14362399141800397
Benzina,Majors,Lombardia,Stradale,119714,0.9695842664634867,0.07820050574912014,0.6869360655737705,1.293493442622951,2.0017824231084083,0.9682381414930735,2.0001172078251175,1.0897690651039735,2.1504562594268477,0.12153092361090001,0.15033905160173022
Benzina,Majors,Marche,Autostradale,897,1.0474830619368753,0.08361667895524151,0.8262803278688525,1.2197229508196723,2.0968272017837237,1.0461917995823091,2.095228861330327,1.1620180327868854,2.2386,0.1158262332045763,0.14337113866967277
Benzina,Majors,Marche,Stradale,27819,0.9623315229772789,0.07773947247228796,0.637755737704918,1.2156245901639342,1.9929410115388764,0.9609777553318914,1.9912664849145765,1.082856273542363,2.142022653721683,0.12187851821047158,0.1507561688071064
Benzina,Majors,Molise,Autostradale,89,1.0488627555719288,0.07644034542312172,0.8828377049180328,1.1787393442622953,2.098494382022472,1.0498086438152012,2.099625,0.9656245901639345,1.999,-0.08418405365126669,-0.10062499999999996
Benzina,Majors,Molise,Stradale,4839,0.9801869404666322,0.069666678666702,0.7197229508196722,1.2492311475409839,2.0147365158090516,0.9790776624355483,2.013360292580982,1.0784812993321191,2.1366851851851854,0.09940363689657084,0.1233248926042032
Benzina,Majors,Piemonte,Autostradale,2966,1.0393320727811373,0.08192408739356319,0.805788524590164,1.252509836065574,2.086887053270398,1.0381503429040932,2.085422434367542,1.144362791852956,2.217060606060606,0.10621244894886273,0.13163817169306435
Benzina,Majors,Piemonte,Stradale,71203,0.9669588611688172,0.0797122255481382,0.6992311475409837,1.293493442622951,1.9985965619426147,0.9655855559402453,1.9968982232385062,1.0887385183961682,2.149198992443325,0.12315296245592289,0.15230076920481883
Benzina,Majors,Puglia,Autostradale,449,1.0352437803497756,0.08094241105629904,0.8344770491803278,1.2197229508196723,2.081897550111359,1.03454166297445,2.081018018018018,1.0975918032786887,2.16,0.06305014030423872,0.07898198198198214
Benzina,Majors,Puglia,Stradale,66399,0.98170725633089,0.07549521758536804,0.7467721311475412,1.2033295081967217,2.0165914697510505,0.9804784153213515,2.015069536877694,1.091339575908767,2.1523722826086957,0.11086116058741546,0.13730274573100187
Benzina,Majors,Sardegna,Stradale,27656,0.971645546693096,0.07975552234962191,0.7197229508196722,1.2197229508196723,2.004316350882268,0.9702503474517905,2.0025914293027167,1.095936439365622,2.1579804560260585,0.1256860919138314,0.15538902672334176
Benzina,Majors,Sicilia,Autostradale,1168,1.0403782674601392,0.08026984644938603,0.8631655737704921,1.2598868852459018,2.088162671232877,1.039356049960968,2.0868926406926405,1.1311983606557379,2.201,0.09184231069476989,0.1141073593073596
Benzina,Majors,Sicilia,Stradale,61401,0.9794766767295136,0.0747314311873291,0.7369360655737704,1.2771,2.013872868520057,0.9782449570642789,2.012347305487845,1.0886519923417495,2.1490934306569343,0.11040703527747053,0.13674612516908935
Benzina,Majors,Toscana,Autostradale,2039,1.0278493226348502,0.08400662736097278,0.8164442622950819,1.252509836065574,2.072939676311918,1.0263701827998961,2.0711125992063493,1.1574991446899503,2.233086956521739,0.13112896189005419,0.16197435731538956
Benzina,Majors,Toscana,Stradale,64735,0.9702159063369324,0.07828668811839767,0.7197229508196722,1.252509836065574,2.002592415231328,0.9688580806532692,2.000913335520252,1.0912798712269969,2.1522994428969358,0.1224217905737277,0.15138610737668357
Benzina,Majors,Trentino-Alto Adige/Südtirol,Autostradale,529,1.0445827233567822,0.08156719616865077,0.8107065573770493,1.2107065573770495,2.0932533081285443,1.0440780271447827,2.0926137667304014,1.0885754098360658,2.149,0.044497382691283116,0.056386233269598574
Benzina,Majors,Trentino-Alto Adige/Südtirol,Stradale,17029,0.9859134127991883,0.0749645834520903,0.7689032786885247,1.2033295081967217,2.021710552586764,0.984663179003933,2.020162351543943,1.097309905455807,2.159656084656085,0.11264672645187412,0.13949373311214197
Benzina,Majors,Umbria,Autostradale,270,0.9962196114146934,0.07772107693124633,0.8164442622950819,1.1623459016393443,2.0342925925925925,0.9952494443421134,2.0330861423220976,1.0825644808743171,2.141666666666667,0.08731503653220374,0.10858052434456944
Benzina,Majors,Umbria,Stradale,19963,0.9719935448612722,0.07764347274480257,0.736116393442623,1.1869360655737706,2.0047167259429948,0.9706726129950188,2.0030823076533455,1.090535171385991,2.151390909090909,0.11986255839097215,0.14830860143756341
Benzina,Majors,Valle d'Aosta,Autostradale,270,1.0324946569520341,0.0813396309057033,0.818083606557377,1.2156245901639342,2.078548148148148,1.0318062074046788,2.077685393258427,1.0937666666666668,2.1553333333333335,0.06196045926198801,0.07764794007490661
Benzina,Majors,Valle d'Aosta,Stradale,2066,0.987407793629886,0.07317290767846016,0.7975918032786887,1.2033295081967217,2.023538238141336,0.9861452805661877,2.0219750367107197,1.0995518888096936,2.162391304347826,0.1134066082435059,0.14041626763710635
Benzina,Majors,Veneto,Autostradale,1769,1.033112473473019,0.08234318264256094,0.8303786885245904,1.2197229508196723,2.079369700395704,1.0324679385878583,2.0785608919382503,1.089477049180328,2.1501,0.057009110592469714,0.07153910806174979
Benzina,Majors,Veneto,Stradale,60461,0.9686368828734199,0.07771551323353279,0.6295590163934427,1.3025098360655738,2.000633962388978,0.9673666881999459,1.9990613501036998,1.0814784863469173,2.140341753343239,0.11411179814697148,0.1412804032395394
Benzina,Pompe Bianche,Abruzzo,Autostradale,270,1.0163258652094718,0.07742031516747565,0.8336573770491805,1.1631655737704922,2.058822222222222,1.0148755264935223,2.0570299625468165,1.1454060109289619,2.2183333333333333,0.13053048443543958,0.1613033707865168
Benzina,Pompe Bianche,Abruzzo,Stradale,17184,0.9618402368196111,0.08006675883942048,0.7197229508196722,1.2943131147540985,1.9923774441340785,0.960439957726084,1.9906465603483787,1.0864210883185994,2.146371727748691,0.12598113059251537,0.15572516740031217
Benzina,Pompe Bianche,Basilicata,Stradale,7156,0.9880120856967444,0.08181272175818047,0.6369360655737707,1.2730016393442627,2.0243436277249858,0.9864668203769265,2.022434733418187,1.1165599807135969,2.1831411764705884,0.1300931603366704,0.16070644305240123
Benzina,Pompe Bianche,Calabria,Autostradale,270,1.0310374620522162,0.07767738047752537,0.8590672131147542,1.2082475409836064,2.07677037037037,1.029512967397311,2.0748876404494383,1.166717486338798,2.244333333333333,0.137204518941487,0.16944569288389477
Benzina,Pompe Bianche,Calabria,Stradale,15032,0.9800462829024857,0.08082688683286862,0.6869360655737705,1.2607065573770493,2.0145492283129327,0.9785115564672214,2.0126538849646822,1.1166553155983117,2.18325748502994,0.13814375913109023,0.17060360006525777
Benzina,Pompe Bianche,Campania,Autostradale,450,1.0024770491803279,0.08106444769894605,0.8008704918032789,1.195132786885246,2.0419266666666664,1.0008299686866826,2.039894382022472,1.1490672131147541,2.2228000000000003,0.1482372444280715,0.18290561797752813
Benzina,Pompe Bianche,Campania,Stradale,66131,0.9638071840269352,0.08016681434158703,0.6582475409836067,1.293493442622951,1.9947377780466047,0.962290245663472,1.9928639394402814,1.0976703413641293,2.160095816464237,0.13538009570065734,0.1672318770239558
Benzina,Pompe Bianche,Emilia-Romagna,Autostradale,449,1.0236515352878894,0.08064918181290336,0.8672639344262295,1.1943131147540984,2.0677550111358576,1.022095200118151,2.0658333333333334,1.1618540983606558,2.2384,0.13975889824250487,0.17256666666666653
Benzina,Pompe Bianche,Emilia-Romagna,Stradale,51959,0.9553961597400726,0.08136204527058026,0.6344770491803279,1.293493442622951,1.984486768413557,0.95385725389097,1.9825863760217983,1.091957442169937,2.1531260794473233,0.13810018827896697,0.17053970342552494
Benzina,Pompe Bianche,Friuli-Venezia Giulia,Autostradale,352,1.0726849478390463,0.09227017787756098,0.8828377049180328,1.2607065573770493,2.1280539772727276,1.0711456001507444,2.1261580459770117,1.2066081967213116,2.293,0.13546259657056714,0.1668419540229884
Benzina,Pompe Bianche,Friuli-Venezia Giulia,Stradale,7506,0.9709176234968311,0.08420290065429206,0.6656245901639345,1.252509836065574,2.0034583000266455,0.9693265311846434,2.0014948134177555,1.1132149516097176,2.1790602409638553,0.14388842042507421,0.17756542754609983
Benzina,Pompe Bianche,Lazio,Autostradale,90,1.0305335154826958,0.08979519825142024,0.8508704918032787,1.195132786885246,2.0761555555555558,1.028684085466937,2.073876404494382,1.195132786885246,2.279,0.16644870141830892,0.2051235955056181
Benzina,Pompe Bianche,Lazio,Stradale,50575,0.9570744576712074,0.08220274205638063,0.6271000000000001,1.252509836065574,1.9864315768660405,0.9555687248830773,1.9845705230744621,1.0908306001222958,2.1517513321492006,0.1352618752392185,0.16718080907473842
Benzina,Pompe Bianche,Liguria,Autostradale,190,1.0163579810181191,0.08361990489073957,0.8246409836065575,1.186116393442623,2.0580052631578947,1.0148179979072203,2.056095744680851,1.161116393442623,2.2375,0.1462983955354027,0.1814042553191486
Benzina,Pompe Bianche,Liguria,Stradale,9320,0.9661979209174699,0.07873915747346916,0.7246409836065576,1.1934934426229509,1.9976377682403434,0.9646716257215925,1.9957528748101538,1.1041331083252974,2.1679803921568626,0.13946148260370494,0.17222751734670871
Benzina,Pompe Bianche,Lombardia,Autostradale,180,1.0474551912568306,0.08043505747686497,0.8426737704918034,1.2107065573770495,2.0968,1.0457590532326397,2.094707865168539,1.1984114754098363,2.283,0.15265242217719655,0.1882921348314608
Benzina,Pompe Bianche,Lombardia,Stradale,59286,0.9619705054630984,0.08099638969559964,0.6508704918032787,1.3066081967213115,1.9925068312923793,0.9604593302580715,1.9906402156113536,1.0957939725620327,2.15780664652568,0.1353346423039612,0.16716643091432637
Benzina,Pompe Bianche,Marche,Autostradale,189,1.0099822968167231,0.08510915420529232,0.8418540983606558,1.1779196721311478,2.0505343915343914,1.0082738406241782,2.048422459893048,1.1697229508196723,2.248,0.16144911019549402,0.19957754010695217
Benzina,Pompe Bianche,Marche,Stradale,18094,0.9469832780361936,0.08102887892936324,0.6762803278688524,1.2361163934426234,1.9741943738255778,0.9455761537432642,1.972454621660892,1.0728786885245902,2.1298500000000002,0.12730253478132603,0.15739537833910822
Benzina,Pompe Bianche,Molise,Stradale,4626,0.9702222668736225,0.0791042898242907,0.6615262295081966,1.2000508196721316,2.0025125378296584,0.9688035065344492,2.0007587412587413,1.1000672131147542,2.16302,0.13126370658030495,0.16226125874125863
Benzina,Pompe Bianche,Piemonte,Autostradale,822,1.0547484783215668,0.08129398242183646,0.875460655737705,1.211526229508197,2.105950121654501,1.0531346846483083,2.1039593596059114,1.185788524590164,2.2676,0.13265383994185576,0.16364064039408843
Benzina,Pompe Bianche,Piemonte,Stradale,38524,0.9573523996112281,0.08084147658718409,0.6623459016393444,1.2852967213114752,1.98686213788807,0.9558729940441076,1.9850343334120797,1.0893451721887357,2.1499391100702576,0.13347217814462808,0.16490477665817793
Benzina,Pompe Bianche,Puglia,Autostradale,626,1.0334400199025824,0.08077751689367091,0.825460655737705,1.2107065573770495,2.079688498402556,1.0317717338912578,2.0776300484652666,1.1809641686182673,2.261714285714286,0.1491924347270095,0.18408423724901946
Benzina,Pompe Bianche,Puglia,Stradale,43704,0.9785118075998597,0.0808077263403776,0.7279196721311477,1.2738213114754098,2.012715312099579,0.9770614756184862,2.0109231018443525,1.106155791125505,2.170448065173116,0.1290943155070189,0.15952496332876365
Benzina,Pompe Bianche,Sardegna,Stradale,10327,0.9907025729148643,0.08539891712742634,0.7402147540983607,1.293493442622951,2.027592718117556,0.9891666816525104,2.025695984329089,1.1247320582877962,2.193111111111111,0.13556537663528578,0.16741512678202186
Benzina,Pompe Bianche,Sicilia,Autostradale,90,1.0262894353369765,0.08154741407072358,0.8590672131147542,1.1697229508196725,2.070977777777778,1.024677822803463,2.068988764044944,1.1697229508196725,2.248,0.1450451280162095,0.1790112359550564
Benzina,Pompe Bianche,Sicilia,Stradale,55123,0.974353058212885,0.07777461571596501,0.7197229508196722,1.282018032786885,2.007630263229505,0.972868074952451,2.005795809789389,1.1059684526189526,2.1702195121951218,0.13310037766650162,0.1644237024057329
Benzina,Pompe Bianche,Toscana,Autostradale,357,1.0089248610919779,0.0794125190360739,0.8344770491803278,1.17054262295082,2.0497759103641457,1.0074464449914087,2.0479490084985836,1.1393950819672132,2.211,0.1319486369758045,0.16305099150141622
Benzina,Pompe Bianche,Toscana,Stradale,37572,0.964296211688858,0.07909025390787489,0.637755737704918,1.2607065573770493,1.9953402001490472,0.962814632403976,1.993509676203806,1.0956688015963068,2.157653937947494,0.13285416919233073,0.16414426174368812
Benzina,Pompe Bianche,Trentino-Alto Adige/Südtirol,Autostradale,180,1.0430744990892533,0.08095902030356165,0.8500508196721314,1.211526229508197,2.0914555555555556,1.0414350524958556,2.089432584269663,1.1889852459016397,2.2715,0.14755019340578412,0.18206741573033725
Benzina,Pompe Bianche,Trentino-Alto Adige/Südtirol,Stradale,7505,0.9837893109511693,0.07752660837443373,0.7516901639344263,1.17054262295082,2.0191371085942706,0.9822905204768922,2.0172856757849345,1.1162003122560502,2.182702380952381,0.13390979177915796,0.16541670516744666
Benzina,Pompe Bianche,Umbria,Stradale,10284,0.9557725838641596,0.07697031902874117,0.6508704918032787,1.17054262295082,1.9849282380396733,0.9542848251849704,1.983090167158309,1.0884963186655163,2.1489035087719297,0.13421149348054595,0.1658133416136207
Benzina,Pompe Bianche,Valle d'Aosta,Autostradale,90,1.0211072859744992,0.07975743383261578,0.9131655737704919,1.2197229508196723,2.0646555555555555,1.0188756492908455,2.0619101123595502,1.2197229508196723,2.309,0.2008473015288268,0.24708988764044992
Benzina,Pompe Bianche,Valle d'Aosta,Stradale,2340,0.9783571808883285,0.07427713552044932,0.7689032786885247,1.1869360655737706,2.0125004273504272,0.9769940873088968,2.010814606741573,1.0996725094577555,2.1625384615384613,0.12267842214885871,0.15172385479688844
Benzina,Pompe Bianche,Veneto,Autostradale,217,1.0709807886983456,0.09524274935398537,0.8836573770491803,1.2107065573770495,2.1258479262672814,1.0685415454475489,2.1228403755868546,1.200870491803279,2.286,0.13232894635573023,0.16315962441314547
Benzina,Pompe Bianche,Veneto,Stradale,67533,0.9543628099486519,0.08173056699809948,0.6607065573770493,1.2352967213114754,1.9831876415974412,0.9528043917380565,1.9812630909063684,1.0931306010928963,2.154557333333333,0.14032620935483975,0.17329424242696456
Gasolio,Large,Abruzzo,Autostradale,344,1.2486507052992757,0.11440457055970314,0.9582475409836066,1.4426737704918036,2.226299418604651,1.2467562198649953,2.2233176470588236,1.409681967213115,2.47975,0.1629257473481196,0.2564323529411765
Gasolio,Large,Abruzzo,Stradale,5884,1.1646091384248476,0.1300198955978068,0.8344770491803278,1.4344770491803278,2.1281730115567643,1.1627235594452492,2.1252760398762462,1.3308257824143068,2.3835454545454544,0.16810222296905764,0.25826941466920816
Gasolio,Large,Basilicata,Stradale,3068,1.1717067283647167,0.13211942686896758,0.8344770491803278,1.4426737704918036,2.139093220338983,1.1698363981943454,2.1362809617918312,1.3491543032786886,2.40590625,0.1793179050843432,0.2696252882081689
Gasolio,Large,Calabria,Autostradale,180,1.2024515482695812,0.12026357931894453,0.9082475409836067,1.3679196721311473,2.1743333333333332,1.2010970528642477,2.1720898876404493,1.3230016393442625,2.374,0.12190458648001479,0.2019101123595508
Gasolio,Large,Calabria,Stradale,16847,1.1811362004423613,0.1339109375465599,0.8262803278688525,1.4262803278688525,2.1480876713955004,1.1793482140397142,2.1453132653061227,1.340429534496362,2.3952620320855615,0.1610813204566477,0.2499487667794389
Gasolio,Large,Campania,Autostradale,1244,1.2551024774656054,0.13544896605421072,0.8836573770491803,1.5246409836065575,2.23841077170418,1.2531781020924964,2.235462601626016,1.4241725995316161,2.4974285714285713,0.17099449743911976,0.26196596980255515
Gasolio,Large,Campania,Stradale,21852,1.1672854727631188,0.13299601422818405,0.8148049180327869,1.5574278688524592,2.132575462200256,1.165403333302992,2.1297078937627245,1.336772131147541,2.3908,0.17136879784454884,0.2610921062372755
Gasolio,Large,Emilia-Romagna,Autostradale,618,1.2209970237147858,0.1221389494510018,0.9500508196721311,1.4508704918032789,2.1966877022653724,1.2189644522551046,2.1936022913256954,1.398411475409836,2.466,0.17944702315473138,0.2723977086743048
Gasolio,Large,Emilia-Romagna,Stradale,22139,1.1533052575419538,0.1314414620910674,0.8074278688524591,1.4738213114754097,2.115506572112561,1.151507261888633,2.1127537555362768,1.318758630665381,2.3688235294117646,0.16725136877674784,0.2560697738754878
Gasolio,Large,Friuli-Venezia Giulia,Autostradale,335,1.2597488867139712,0.12822419954994277,0.8836573770491803,1.4754606557377052,2.2451910447761194,1.2577809964835818,2.2421661631419942,1.4225918032786886,2.4955,0.16481080679510685,0.2533338368580056
Gasolio,Large,Friuli-Venezia Giulia,Stradale,6098,1.1996045567210964,0.13769530455986737,0.8016901639344264,1.5049688524590168,2.170908330600197,1.197803042166218,2.1681179104477613,1.3593565091610413,2.4183529411764706,0.1615534669948233,0.25023503072870934
Gasolio,Large,Lazio,Autostradale,540,1.219691985428051,0.13285669883863616,0.8836573770491803,1.4754606557377052,2.1953666666666667,1.2178235832258857,2.1924962546816475,1.385979781420765,2.450833333333333,0.16815619819487937,0.25833707865168565
Gasolio,Large,Lazio,Stradale,21022,1.1535970655254215,0.13041151021732272,0.7279196721311477,1.4344770491803278,2.1149387308533916,1.1517103501841206,2.1120523328523326,1.3226695308083662,2.373594827586207,0.17095918062424564,0.26154249473387425
Gasolio,Large,Liguria,Autostradale,1136,1.2369810898175941,0.12378961965680065,0.8672639344262295,1.4590672131147542,2.2154973591549294,1.234951043020014,2.2124007123775598,1.4123459016393443,2.4829999999999997,0.17739485861933035,0.2705992876224399
Gasolio,Large,Liguria,Stradale,6108,1.1592985410158139,0.12961706395462794,0.8344770491803278,1.4334934426229506,2.1220127701375247,1.1573044837694062,2.118991556291391,1.336417743490839,2.3903676470588233,0.17911325972143288,0.2713760907674323
Gasolio,Large,Lombardia,Autostradale,1177,1.2257400545983816,0.13128212843513395,0.9025098360655738,1.5326737704918032,2.2028819031435853,1.2236276348617905,2.1996732588134136,1.4012217798594848,2.4694285714285718,0.17759414499769433,0.26975531261515817
Gasolio,Large,Lombardia,Stradale,55828,1.154520038361384,0.1328760846898957,0.8016901639344264,1.4918540983606559,2.117306763631153,1.1525532827701876,2.1143488637392487,1.334642886659598,2.3882023217247097,0.18208960388941042,0.273853457985461
Gasolio,Large,Marche,Stradale,13605,1.15283513835921,0.13145265290369554,0.8000508196721311,1.4752967213114756,2.1140036751194415,1.1509686794089977,2.111130686886708,1.3169371370406084,2.3666013071895424,0.16596845763161072,0.2554706203028343
Gasolio,Large,Molise,Autostradale,269,1.225060875129502,0.13048751835656347,0.8836573770491803,1.4016901639344261,2.2014944237918215,1.223324577838038,2.198778195488722,1.3790125683060108,2.4423333333333335,0.15568799046797288,0.24355513784461147
Gasolio,Large,Molise,Stradale,2862,1.1752967213114756,0.12707366101978995,0.8590672131147542,1.4197229508196723,2.1412914046121596,1.1734212072061636,2.1384095406360424,1.3411625,2.3961562499999998,0.16774129279383643,0.2577467093639574
Gasolio,Large,Piemonte,Autostradale,1255,1.2204980798119,0.13072322971701963,0.875460655737705,1.5975918032786884,2.195440637450199,1.2184476996298257,2.192291935483871,1.389996174863388,2.4557333333333333,0.17154847523356231,0.2634413978494625
Gasolio,Large,Piemonte,Stradale,29238,1.1535046171667458,0.13234028073547546,0.7771,1.4672639344262295,2.115340891989876,1.151481849971313,2.1122954765527737,1.3351516240708685,2.38882298136646,0.18366977409955543,0.27652750481368615
Gasolio,Large,Puglia,Autostradale,1078,1.2302886614556403,0.1369509429859884,0.8836573770491803,1.4746409836065577,2.208400742115028,1.228633694214622,2.2057908067542216,1.377304918032787,2.4402500000000003,0.1486712238181649,0.23445919324577869
Gasolio,Large,Puglia,Stradale,11397,1.1668610674077302,0.13474920872418936,0.7287393442622951,1.4754606557377052,2.131053961568834,1.1650737827116027,2.128277664389032,1.32421193647541,2.3754765625,0.15913815376380724,0.24719889811096785
Gasolio,Large,Sardegna,Stradale,15486,1.167379205120225,0.13048352589998105,0.8344770491803278,1.4590672131147542,2.1316221748676223,1.1654303395371641,2.128654695050281,1.3408962256957682,2.3958313953488375,0.17546588615860403,0.26717670029855656
Gasolio,Large,Sicilia,Autostradale,450,1.234533515482696,0.13113736807708115,0.9082475409836067,1.4746409836065577,2.2134733333333334,1.2327235034076256,2.210674157303371,1.3956245901639346,2.4626,0.162901086756309,0.2519258426966293
Gasolio,Large,Sicilia,Stradale,22352,1.1784349742422289,0.13754655756341772,0.7771,1.586116393442623,2.146453292770222,1.1765736822593442,2.1436223880597014,1.3484893781330443,2.405095041322314,0.17191569587370004,0.2614726532626128
Gasolio,Large,Toscana,Autostradale,346,1.225302880697432,0.12000719309758542,0.9902147540983607,1.4303786885245902,2.198320809248555,1.2235993768574442,2.1955818713450292,1.3709524590163935,2.4325,0.14735308215894927,0.23691812865497086
Gasolio,Large,Toscana,Stradale,21975,1.165784481247319,0.13071570773480262,0.8344770491803278,1.4344770491803278,2.129640409556314,1.1638624610380401,2.1267078961899504,1.3376747824327058,2.391901234567901,0.17381232139466563,0.26519333837795056
Gasolio,Large,Trentino-Alto Adige/Südtirol,Autostradale,518,1.23347635293373,0.13696549409695905,0.8992311475409837,1.4344770491803278,2.212305019305019,1.231682799692623,2.209501953125,1.3865262295081966,2.4515,0.15484342981557364,0.2419980468749996
Gasolio,Large,Trentino-Alto Adige/Südtirol,Stradale,6059,1.1935276689060308,0.1353957288627754,0.8344770491803278,1.4762803278688528,2.163206634758211,1.191535861442437,2.160176932064764,1.3690117647058824,2.4301323529411762,0.17747590326344542,0.26995542087641233
Gasolio,Large,Umbria,Autostradale,83,1.3037798340904603,0.09620700636579352,1.096772131147541,1.4672639344262295,2.2898433734939756,1.3017961215513796,2.2866829268292683,1.4664442622950822,2.549,0.1646481407437026,0.2623170731707316
Gasolio,Large,Umbria,Stradale,6025,1.1507439425889396,0.1291628411963974,0.7934934426229509,1.418083606557377,2.1112610788381745,1.1489493663293326,2.1084803625377644,1.3103273060924883,2.358537313432836,0.16137793976315562,0.2500569508950714
Gasolio,Large,Valle d'Aosta,Stradale,1259,1.165264819854425,0.1291690785198862,0.8426737704918034,1.3656245901639348,2.1289722001588562,1.1633027783264205,2.1259871485943775,1.3397463700234191,2.394428571428571,0.17644359169699864,0.2684414228341936
Gasolio,Large,Veneto,Autostradale,825,1.1921169895678092,0.12941971773317604,0.8934934426229509,1.418083606557377,2.1648109090909093,1.1905980713596915,2.1624117647058823,1.3298322404371585,2.3823333333333334,0.139234169077467,0.21992156862745116
Gasolio,Large,Veneto,Stradale,23359,1.1580303817323194,0.13448300584697,0.7287393442622951,1.516444262295082,2.1209000813390984,1.1560766640199307,2.1179421720122926,1.3343457735655737,2.38783984375,0.178269109545643,0.2698976717377075
Gasolio,Majors,Abruzzo,Autostradale,1440,1.2106551001821495,0.1368333716851131,0.8836573770491803,1.4754606557377052,2.1843416666666666,1.2088609136120834,2.181561797752809,1.370337704918033,2.43175,0.1614767913059496,0.25018820224719107
Gasolio,Majors,Abruzzo,Stradale,26058,1.1612182406460243,0.13271352981592788,0.8098868852459017,1.443493442622951,2.1239654616624453,1.1594900858037598,2.12126034308779,1.3137101504603639,2.362664383561644,0.1542200646566041,0.24140404047385378
Gasolio,Majors,Basilicata,Autostradale,357,1.230702424576388,0.1429643904838414,0.8672639344262295,1.4746409836065577,2.209280112044818,1.2289413597733712,2.206541076487252,1.386116393442623,2.451,0.1571750336692519,0.2444589235127479
Gasolio,Majors,Basilicata,Stradale,9101,1.1706196456523423,0.1336231122029659,0.8016901639344264,1.4656245901639344,2.1354574222612897,1.1689195081967214,2.1327925555555556,1.3221170426878752,2.3729207920792077,0.1531975344911538,0.24012823652365212
Gasolio,Majors,Calabria,Autostradale,897,1.2434870460734324,0.12896659333779467,0.9328377049180329,1.4754606557377052,2.224016722408027,1.2429482266619845,2.2227621195039458,1.2912803278688525,2.3352999999999997,0.04833210120686804,0.11253788049605395
Gasolio,Majors,Calabria,Stradale,29223,1.1734897738307408,0.13461695212018596,0.8016901639344264,1.5246409836065575,2.139045306778907,1.1716680624559646,2.136231815350543,1.3354707440100881,2.3892123076923077,0.16380268155412359,0.2529804923417647
Gasolio,Majors,Campania,Autostradale,1887,1.2126736836161138,0.1341548690881202,0.8672639344262295,1.4754606557377052,2.1866560678325384,1.2114852239500558,2.184641135511516,1.323616393442623,2.3747499999999997,0.1121311694925673,0.19010886448848385
Gasolio,Majors,Campania,Stradale,54957,1.1657784600896617,0.13254720234934228,0.7279196721311477,1.5574278688524592,2.1297370671615994,1.1640400244539568,2.127021604313502,1.3191361400894188,2.369284090909091,0.155096115635462,0.2422624865955889
Gasolio,Majors,Emilia-Romagna,Autostradale,2456,1.218432300955839,0.13346945541740046,0.8828377049180328,1.4754606557377052,2.1940736970684043,1.2170086477435385,2.1917331136738056,1.3418833723653398,2.3970357142857144,0.12487472462180138,0.20530260061190875
Gasolio,Majors,Emilia-Romagna,Stradale,69727,1.1583753038959672,0.13471725957770453,0.7369360655737704,1.5328377049180326,2.1206388486526024,1.15656706036605,2.117844826336016,1.3198875222967807,2.3702007772020726,0.1633204619307307,0.25235595086605667
Gasolio,Majors,Friuli-Venezia Giulia,Autostradale,270,1.2292214329083182,0.1322236803364936,0.8836573770491803,1.4746409836065577,2.206992592592593,1.2289628353901887,2.206086142322097,1.2522366120218578,2.2876666666666665,0.023273776631669074,0.0815805243445693
Gasolio,Majors,Friuli-Venezia Giulia,Stradale,21790,1.1752327199271737,0.136073615722269,0.7771,1.4754606557377052,2.141121385956861,1.1736873534560743,2.138642827307746,1.31226157323079,2.3608971193415638,0.13857421977471573,0.22225429203381797
Gasolio,Majors,Lazio,Autostradale,2962,1.2014981138132188,0.13469908901714656,0.8344770491803278,1.5000508196721312,2.1734358541525993,1.2002952096210697,2.171360655737705,1.305089392478303,2.3521470588235296,0.10479418285723319,0.1807864030858246
Gasolio,Majors,Lazio,Stradale,93961,1.1611284450070931,0.1321661436391354,0.695132786885246,1.5574278688524592,2.1238277796106892,1.1594357321442308,2.1211747019069347,1.3128098819103025,2.361566055930569,0.15337414976607167,0.2403913540236342
Gasolio,Majors,Liguria,Autostradale,1528,1.2003113123337052,0.13720393206566417,0.8697229508196721,1.4754606557377052,2.171797120418848,1.1989146705579847,2.16950231634679,1.3244481195756992,2.375764705882353,0.12553344901771446,0.20626238953556264
Gasolio,Majors,Liguria,Stradale,23789,1.163136113949897,0.1339964075651389,0.8016901639344264,1.4754606557377052,2.1265541636891,1.1612653629727705,2.1236836981934113,1.3298384500745155,2.382340909090909,0.168573087101745,0.2586572108974976
Gasolio,Majors,Lombardia,Autostradale,3923,1.2167208990275928,0.13761134872849035,0.8672639344262295,1.4992311475409836,2.1912832016314048,1.2151036335981071,2.188722164948454,1.3626508959207015,2.422372093023256,0.1475472623225944,0.23364992807480212
Gasolio,Majors,Lombardia,Stradale,119375,1.161512312762853,0.13479866582204683,0.7279196721311477,1.5236573770491804,2.124528795811518,1.1596398296277328,2.1216565157727105,1.3285949877947536,2.3808238851095993,0.16895515816702078,0.2591673693368888
Gasolio,Majors,Marche,Autostradale,897,1.229128071714458,0.13570041514568246,0.9000508196721312,1.4754606557377052,2.206879598662207,1.227239907960153,2.2039830890642618,1.3966081967213115,2.4638,0.1693682887611585,0.2598169109357382
Gasolio,Majors,Marche,Stradale,27771,1.1515896285841287,0.1331696587931167,0.7934934426229509,1.4426737704918036,2.1121323682978645,1.1497872005549248,2.109339924258976,1.3117782322669638,2.360307443365696,0.161991031712039,0.25096751910672
Gasolio,Majors,Molise,Autostradale,179,1.2296286198369815,0.13709840630928974,0.8836573770491803,1.4590672131147542,2.206854748603352,1.229268194868945,2.2058135593220336,1.2615262295081968,2.299,0.03225803463925181,0.09318644067796633
Gasolio,Majors,Molise,Stradale,4853,1.1744778936807723,0.13047395592975702,0.8016901639344264,1.4746409836065577,2.140230166907068,1.1727892317046926,2.137578453844551,1.3245499089253188,2.375888888888889,0.15176067722062614,0.23831043504433813
Gasolio,Majors,Piemonte,Autostradale,3056,1.2186942301090036,0.13609336564710048,0.8836573770491803,1.482837704918033,2.1940965314136123,1.2170392433628798,2.191485109199206,1.3657933461909355,2.4262058823529413,0.14875410282805568,0.23472077315373552
Gasolio,Majors,Piemonte,Stradale,71281,1.160589891427164,0.1345073358691473,0.7566081967213115,1.5574278688524592,2.1231077846831554,1.1586987042838035,2.120206335920099,1.3284791964322584,2.380682619647355,0.16978049214845492,0.26047628372725606
Gasolio,Majors,Puglia,Autostradale,629,1.2273048528760198,0.13908175092899905,0.8836573770491803,1.4754606557377052,2.2044737678855326,1.2261540825470456,2.202475884244373,1.3295590163934428,2.382,0.10340493384639715,0.1795241157556271
Gasolio,Majors,Puglia,Stradale,66348,1.1640337284679787,0.13309523233303297,0.7033295081967214,1.4508704918032789,2.127559504431181,1.1622563865568476,2.124803852836285,1.3229145352213338,2.3738937329700276,0.16065814866448624,0.24908988013374245
Gasolio,Majors,Sardegna,Stradale,27625,1.160789138787924,0.13554039709000623,0.7934934426229509,1.4672639344262295,2.123493466063348,1.158785233659666,2.1204575005490884,1.3391040583115288,2.3936449511400655,0.18031882465186277,0.27318745059097704
Gasolio,Majors,Sicilia,Autostradale,1440,1.2173610428051003,0.13460408386785971,0.8836573770491803,1.4672639344262295,2.192522916666667,1.216161406336342,2.1904683988764044,1.3241286885245902,2.375375,0.10796728218824825,0.18490660112359558
Gasolio,Majors,Sicilia,Stradale,61378,1.17528545278946,0.13368673882443938,0.7615262295081968,1.496772131147541,2.1411299488416047,1.1736098213453725,2.138493137820249,1.3241909440030721,2.375450951683748,0.15058112265769963,0.23695781386349912
Gasolio,Majors,Toscana,Autostradale,2136,1.213282384724013,0.13668848287836463,0.8836573770491803,1.5074278688524592,2.187441479400749,1.2111499254843519,2.184241003787879,1.4009387978142076,2.4690833333333333,0.18978887232985575,0.2848423295454543
Gasolio,Majors,Toscana,Stradale,64823,1.1607298642229547,0.13398714613840967,0.8016901639344264,1.573001639344262,2.123365718957777,1.1587929260618732,2.1204111508041747,1.3331792349726777,2.386416666666667,0.17438630891080442,0.2660055158624921
Gasolio,Majors,Trentino-Alto Adige/Südtirol,Autostradale,625,1.2346963278688525,0.13756900296418986,0.875460655737705,1.4754606557377052,2.2141295999999997,1.2340475834261766,2.212747572815534,1.2919711943793912,2.3361428571428573,0.05792361095321463,0.12339528432732338
Gasolio,Majors,Trentino-Alto Adige/Südtirol,Stradale,17017,1.1750933663250924,0.13397915152068554,0.8016901639344264,1.4508704918032789,2.1409191984486102,1.1732835562898682,2.13812009745662,1.3362334894613583,2.390142857142857,0.1629499331714901,0.2520227596862372
Gasolio,Majors,Umbria,Autostradale,270,1.1872329690346084,0.13273454944942034,0.8836573770491803,1.4336573770491805,2.1557666666666666,1.1857596672192547,2.153378277153558,1.318356830601093,2.3683333333333336,0.13259716338183836,0.21495505617977573
Gasolio,Majors,Umbria,Stradale,19975,1.1567583598350397,0.13207349993248554,0.7033295081967214,1.4090672131147544,2.118662428035044,1.1550027713574118,2.115930339695236,1.3129661940629154,2.361756756756757,0.15796342270550356,0.24582641706152097
Gasolio,Majors,Valle d'Aosta,Autostradale,270,1.2097557377049182,0.1352896282201806,0.8836573770491803,1.438575409836066,2.1832444444444445,1.2085324307730092,2.1811610486891384,1.318630054644809,2.3686666666666665,0.11009762387179989,0.18750561797752807
Gasolio,Majors,Valle d'Aosta,Stradale,2064,1.1735808107764647,0.13280281565216223,0.8672639344262295,1.4516901639344264,2.1392063953488374,1.1716588388848284,2.136269965703087,1.3441349251603705,2.399782608695652,0.17247608627554212,0.2635126429925654
Gasolio,Majors,Veneto,Autostradale,1871,1.221348188485162,0.1349511491811083,0.8836573770491803,1.4754606557377052,2.195966328166756,1.220332077979619,2.1941135135135137,1.3108626854020298,2.3591904761904763,0.09053060742241081,0.1650769626769626
Gasolio,Majors,Veneto,Stradale,60411,1.1573668171115292,0.1349776021138062,0.7115262295081969,1.5172639344262293,2.1193514757246197,1.1555482773287846,2.1165414553306885,1.3190301327088212,2.369154761904762,0.16348185538003657,0.25261330657407344
Gasolio,Pompe Bianche,Abruzzo,Autostradale,539,1.2067265093220598,0.14033281893781677,0.866444262295082,1.4590672131147542,2.1796549165120593,1.205085421216129,2.1770619136960603,1.3525098360655738,2.41,0.1474244148494448,0.23293808630393986
Gasolio,Pompe Bianche,Abruzzo,Stradale,17200,1.1515472550514678,0.13393401744271471,0.8000508196721311,1.550050819672131,2.1121698837209304,1.1499492015304402,2.109632098765432,1.2946150992234686,2.3393684210526318,0.1446658976930284,0.22973632228719998
Gasolio,Pompe Bianche,Basilicata,Stradale,7196,1.1842356582436508,0.1333600833205826,0.8262803278688525,1.5287393442622952,2.150302251250695,1.1826591314311008,2.147728589509211,1.3161260366441658,2.3656117647058825,0.13346690521306503,0.21788317519667144
Gasolio,Pompe Bianche,Calabria,Autostradale,270,1.2239573163327264,0.13091526377442758,0.9082475409836067,1.4467721311475412,2.2005703703703703,1.2227216614477805,2.1984719101123593,1.3339306010928962,2.3873333333333338,0.11120893964511569,0.18886142322097443
Gasolio,Pompe Bianche,Calabria,Stradale,14994,1.1758295573967292,0.13666551685207287,0.695132786885246,1.47037868852459,2.1416794050953714,1.17415511765753,2.139042220273825,1.324493737115932,2.375820359281437,0.150338619458402,0.23677813900761224
Gasolio,Pompe Bianche,Campania,Autostradale,810,1.1945735883424409,0.1405634659066927,0.8672639344262295,1.4590672131147542,2.164722222222222,1.1928931683755961,2.162081148564295,1.3441309653916214,2.3997777777777776,0.15123779701602524,0.23769662921348278
Gasolio,Pompe Bianche,Campania,Stradale,66351,1.157206791724389,0.13489658880943792,0.6869360655737705,1.5893950819672131,2.1190355382737263,1.1555635763740533,2.1164356805365037,1.3027012035131966,2.3492334682860996,0.14713762713914336,0.23279778774959592
Gasolio,Pompe Bianche,Emilia-Romagna,Autostradale,809,1.218918071288172,0.13134772353175217,0.8672639344262295,1.4754606557377052,2.1944932014833127,1.217230737704918,2.19184375,1.3689032786885247,2.43,0.1516725409836066,0.2381562500000003
Gasolio,Pompe Bianche,Emilia-Romagna,Stradale,51568,1.1524553417292718,0.13218971231725896,0.7443131147540986,1.4508704918032789,2.113237977040025,1.1506496974554494,2.1104388029260064,1.312024851549848,2.3606083188908142,0.16137515409439862,0.25016951596480785
Gasolio,Pompe Bianche,Friuli-Venezia Giulia,Autostradale,567,1.259662523491485,0.1389074620090506,0.8836573770491803,1.5893950819672131,2.238222222222222,1.2565197661437217,2.2334444444444443,1.4545134790528236,2.5344444444444445,0.19799371290910184,0.30100000000000016
Gasolio,Pompe Bianche,Friuli-Venezia Giulia,Stradale,7495,1.1707097070177934,0.1329052837659898,0.818083606557377,1.4826737704918034,2.1351082054703134,1.1689498137711996,2.132366567728009,1.3278702942919218,2.3799397590361444,0.15892048052072227,0.2475731913081356
Gasolio,Pompe Bianche,Lazio,Autostradale,180,1.18082131147541,0.1327752060297364,0.8672639344262295,1.3934934426229508,2.147944444444444,1.1792283846012157,2.1454101123595506,1.3225918032786885,2.3735,0.14336341867747282,0.22808988764044935
Gasolio,Pompe Bianche,Lazio,Stradale,51257,1.152665048772227,0.13027743562349176,0.6828377049180329,1.4810344262295079,2.1132664416567493,1.151053803767736,2.1107024110172836,1.2951857151031385,2.340064572425829,0.14413191133540249,0.22936216140854526
Gasolio,Pompe Bianche,Liguria,Autostradale,280,1.1990841920374709,0.14513806547398495,0.866444262295082,1.441854098360656,2.1736285714285715,1.197144386577499,2.1707292418772566,1.3781928961748633,2.441333333333333,0.18104850959736418,0.27060409145607656
Gasolio,Pompe Bianche,Liguria,Stradale,9228,1.1556701571127077,0.1340590727929251,0.798411475409836,1.4082475409836066,2.1176975509319464,1.1536755341158893,2.114692703768624,1.3377393442622951,2.39198,0.18406381014640583,0.27728729623137616
Gasolio,Pompe Bianche,Lombardia,Autostradale,266,1.2432025514606186,0.1399613868414106,0.8672639344262295,1.4754606557377052,2.22490977443609,1.241750003116624,2.22254752851711,1.37054262295082,2.432,0.128792619834196,0.2094524714828898
Gasolio,Pompe Bianche,Lombardia,Stradale,58631,1.1591677446133655,0.1330187726449613,0.7475918032786887,1.5574278688524592,2.121151455714554,1.1573563827762672,2.1183403653424873,1.318757531516269,2.368822188449848,0.16140114874000178,0.25048182310736067
Gasolio,Pompe Bianche,Marche,Autostradale,378,1.1912781594240611,0.14518207529617755,0.8672639344262295,1.4336573770491803,2.1654656084656083,1.1893674673446128,2.1626229946524065,1.369927868852459,2.43125,0.18056040150784614,0.26862700534759343
Gasolio,Pompe Bianche,Marche,Stradale,18059,1.138933298686727,0.13454771772772642,0.7090672131147541,1.5410344262295086,2.096499473946509,1.1373287352502164,2.0939460745884197,1.2814919745534623,2.323358208955224,0.14416323930324593,0.2294121343668043
Gasolio,Pompe Bianche,Molise,Stradale,4679,1.1674445460883824,0.13140593818083116,0.7484114754098362,1.4590672131147542,2.1317856379568285,1.1658355299885232,2.1292448141745894,1.3134548698167792,2.3623529411764705,0.14761933982825592,0.2331081270018811
Gasolio,Pompe Bianche,Piemonte,Autostradale,1521,1.2285203339045712,0.1379321085750395,0.8426737704918034,1.515460655737705,2.207855358316897,1.2266324105886588,2.204942781104458,1.3861619307832422,2.4510555555555555,0.15952952019458344,0.24611277445109758
Gasolio,Pompe Bianche,Piemonte,Stradale,38484,1.1498228305227125,0.13333803567263366,0.764804918032787,1.4344770491803278,2.110081852198316,1.147972710246397,2.1072354826843243,1.3151089278842454,2.3643708920187794,0.16713621763784836,0.2571354093344551
Gasolio,Pompe Bianche,Puglia,Autostradale,1256,1.210772862065365,0.13816971365243877,0.8672639344262295,1.4672639344262295,2.184259554140127,1.2090214117895517,2.1815273752012883,1.3661515222482437,2.426642857142857,0.15713011045869196,0.24511548194156862
Gasolio,Pompe Bianche,Puglia,Stradale,43879,1.1654379479858732,0.13318685912461914,0.7787393442622951,1.5574278688524592,2.1288025707058047,1.163785865274966,2.1261851288434057,1.3108279287068134,2.3591480730223124,0.14704206343184745,0.23296294417890673
Gasolio,Pompe Bianche,Sardegna,Stradale,10297,1.18831049103909,0.136580448027756,0.8221819672131149,1.4836573770491805,2.1566209575604542,1.1865355284111676,2.1538509969551125,1.3440940644431882,2.3997327586206896,0.15755853603202064,0.24588176166557707
Gasolio,Pompe Bianche,Sicilia,Autostradale,180,1.2150653916211294,0.13742673001420522,0.8836573770491803,1.3926737704918035,2.189722222222222,1.2133967397310739,2.1870955056179775,1.3635754098360655,2.4234999999999998,0.15017867010499164,0.23640449438202227
Gasolio,Pompe Bianche,Sicilia,Stradale,55174,1.1781200753859473,0.1348911590942822,0.7607065573770494,1.5516901639344265,2.1445800014499583,1.176376277538619,2.1418589233673635,1.3328190457150473,2.3859772357723577,0.15644276817642822,0.24411831240499415
Gasolio,Pompe Bianche,Toscana,Autostradale,717,1.1965336602876284,0.13338379231861014,0.8836573770491803,1.4171,2.1673528591352857,1.1949159032578789,2.1647884344146684,1.3399073770491805,2.394625,0.14499147379130162,0.2298365655853316
Gasolio,Pompe Bianche,Toscana,Stradale,37520,1.1606414511167815,0.13372741210391895,0.7516901639344263,1.5689032786885246,2.1233522921108743,1.1588072846341908,2.120520929355004,1.3230505457960016,2.3740596658711217,0.16424326116181076,0.2535387365161177
Gasolio,Pompe Bianche,Trentino-Alto Adige/Südtirol,Autostradale,270,1.2395250151791137,0.13855607507309772,0.9320180327868853,1.4754606557377052,2.219562962962963,1.2378349419782648,2.2169101123595505,1.389941530054645,2.4556666666666667,0.1521065880763801,0.23875655430711618
Gasolio,Pompe Bianche,Trentino-Alto Adige/Südtirol,Stradale,7460,1.177150696611436,0.13254050186611296,0.8082475409836066,1.4451327868852462,2.1430229222520105,1.175380799935991,2.140259625813449,1.332564480874317,2.3856666666666664,0.1571836809383258,0.2454070408532174
Gasolio,Pompe Bianche,Umbria,Stradale,10093,1.144240689944175,0.13067602911223092,0.7918540983606558,1.5893950819672131,2.103009115228376,1.142539419823253,2.1003345691382767,1.2944944581459454,2.339221238938053,0.15195503832269242,0.23888666979977646
Gasolio,Pompe Bianche,Valle d'Aosta,Autostradale,90,1.2128158469945356,0.13080236672015277,0.9672639344262296,1.372018032786885,2.186977777777778,1.2111633634186776,2.184370786516854,1.3598868852459016,2.419,0.14872352182722404,0.23462921348314625
Gasolio,Pompe Bianche,Valle d'Aosta,Stradale,2327,1.1695273144201708,0.13386949201784903,0.8344770491803278,1.4344770491803278,2.1336097980232056,1.1675167111947051,2.1305562798783138,1.3474656998738967,2.4038461538461537,0.17994898867919162,0.27328987396784
Gasolio,Pompe Bianche,Veneto,Autostradale,431,1.254048385379027,0.1338966610791258,0.8836573770491803,1.4582475409836066,2.235953596287703,1.2526891996142722,2.233534117647059,1.3503240437158472,2.4073333333333333,0.09763484410157508,0.17379921568627443
Gasolio,Pompe Bianche,Veneto,Stradale,65836,1.1505856832526726,0.13205228053543944,0.7271000000000001,1.5574278688524592,2.1109189804969923,1.1488486800459614,2.1082044669052706,1.3044369019739044,2.3513510204081634,0.15558822192794297,0.24314655350289271
