provincia_istat,regione,fuel,phase,n_stations,n_obs,mean,sd,p10,p90,iqr,adopter_share,p90_p10
,,Benzina,post,25,225,2.1577866666666665,0.1644858841099399,1.99,2.359,0.19399999999999995,0.28888888888888886,0.369
,,Benzina,pre,25,175,2.2201657142857143,0.1209889373276128,2.149,2.359,0.04400000000000004,0.0,0.20999999999999996
,,Gasolio,post,24,216,2.339393518518518,0.13545069558529121,2.19,2.459,0.20000000000000018,0.28703703703703703,0.26900000000000013
,,Gasolio,pre,24,168,2.3939880952380954,0.09225245160692405,2.329,2.459,0.04999999999999982,0.0,0.1299999999999999
AG,Sicilia,Benzina,post,118,1062,2.092388888888889,0.10195800538598788,1.99,2.199,0.18899999999999983,0.4284369114877589,0.20899999999999985
AG,Sicilia,Benzina,pre,118,825,2.1741672727272725,0.04895930195595248,2.144,2.204,0.03500000000000014,0.0,0.06000000000000005
AG,Sicilia,Gasolio,post,118,1062,2.2959444444444443,0.10787626749133818,2.19,2.429,0.20900000000000007,0.4529190207156309,0.23899999999999988
AG,Sicilia,Gasolio,pre,118,823,2.3760000000000003,0.06065177218834085,2.334,2.428,0.04999999999999982,0.027946537059538274,0.09399999999999986
AL,Piemonte,Benzina,post,186,1674,2.0629091995221027,0.07608069063398742,1.99,2.169,0.1489999999999998,0.45698924731182794,0.17900000000000005
AL,Piemonte,Benzina,pre,186,1302,2.1476090629800306,0.033843606637983886,2.119,2.179,0.040000000000000036,0.01152073732718894,0.05999999999999961
AL,Piemonte,Gasolio,post,186,1674,2.267531063321386,0.08353438427420895,2.189,2.396,0.15900000000000025,0.4731182795698925,0.20699999999999985
AL,Piemonte,Gasolio,pre,186,1302,2.344515360983103,0.046683960353934344,2.299,2.399,0.06000000000000005,0.01152073732718894,0.10000000000000009
AN,Marche,Benzina,post,207,1860,2.0584370967741936,0.08127497221344451,1.99,2.169,0.139,0.4435483870967742,0.17900000000000005
AN,Marche,Benzina,pre,207,1449,2.137134575569358,0.05141322382511273,2.117,2.179,0.03999999999999959,0.01518288474810214,0.06199999999999983
AN,Marche,Gasolio,post,206,1851,2.2582344678552135,0.09745481070857258,2.19,2.379,0.13900000000000023,0.47163695299837927,0.18900000000000006
AN,Marche,Gasolio,pre,206,1440,2.326704861111111,0.07647273318029081,2.295,2.389,0.06000000000000005,0.015277777777777777,0.09399999999999986
AO,Valle d'Aosta/Vallée d'Aoste,Benzina,post,63,566,2.0675141342756183,0.08554217907932046,1.99,2.189,0.16700000000000004,0.46466431095406363,0.19900000000000007
AO,Valle d'Aosta/Vallée d'Aoste,Benzina,pre,63,438,2.159321917808219,0.026849253282085563,2.129,2.199,0.02200000000000024,0.0,0.06999999999999984
AO,Valle d'Aosta/Vallée d'Aoste,Gasolio,post,63,566,2.2818374558303884,0.09851070689696033,2.189,2.407,0.19899999999999984,0.48056537102473496,0.21799999999999997
AO,Valle d'Aosta/Vallée d'Aoste,Gasolio,pre,63,438,2.3657602739726027,0.03971217466219567,2.329,2.41,0.04499999999999993,0.0,0.08099999999999996
AP,Marche,Benzina,post,89,799,2.0651476846057575,0.09941432863710611,1.99,2.189,0.15900000000000003,0.46307884856070086,0.19900000000000007
AP,Marche,Benzina,pre,89,622,2.1412604501607717,0.07553084073337477,2.099,2.199,0.04999999999999982,0.05627009646302251,0.09999999999999964
AP,Marche,Gasolio,post,89,799,2.26187859824781,0.09167164641768925,2.19,2.399,0.13900000000000023,0.49687108886107634,0.20900000000000007
AP,Marche,Gasolio,pre,89,618,2.325584142394822,0.06959824655240443,2.259,2.399,0.06000000000000005,0.06310679611650485,0.14000000000000012
AQ,Abruzzo,Benzina,post,122,1093,2.0720933211344925,0.09054040282251925,1.99,2.179,0.15500000000000003,0.45745654162854527,0.18899999999999983
AQ,Abruzzo,Benzina,pre,122,852,2.1488849765258213,0.051509604910169975,2.109,2.199,0.04999999999999982,0.017605633802816902,0.08999999999999986
AQ,Abruzzo,Gasolio,post,122,1092,2.27064652014652,0.09777087244379279,2.19,2.399,0.15500000000000025,0.4816849816849817,0.20900000000000007
AQ,Abruzzo,Gasolio,pre,122,852,2.356919014084507,0.06453067855448684,2.299,2.42,0.040000000000000036,0.017605633802816902,0.121
AR,Toscana,Benzina,post,136,1224,2.0795114379084967,0.08213155711202695,1.99,2.187,0.1649999999999998,0.3954248366013072,0.19699999999999984
AR,Toscana,Benzina,pre,136,951,2.1622218717139856,0.031781858199266225,2.129,2.199,0.0349999999999997,0.0031545741324921135,0.06999999999999984
AR,Toscana,Gasolio,post,136,1222,2.288775777414075,0.09064774891921364,2.19,2.399,0.18500000000000005,0.4165302782324059,0.20900000000000007
AR,Toscana,Gasolio,pre,136,945,2.3618539682539685,0.04501181398145934,2.319,2.41,0.03999999999999959,0.010582010582010581,0.09100000000000019
AT,Piemonte,Benzina,post,109,981,2.065478083588175,0.08025280705114919,1.989,2.169,0.1489999999999998,0.4291539245667686,0.17999999999999994
AT,Piemonte,Benzina,pre,109,763,2.1283853211009176,0.05123202220494299,2.079,2.179,0.05999999999999961,0.010484927916120577,0.09999999999999964
AT,Piemonte,Gasolio,post,109,981,2.271250764525994,0.10137155496009291,2.189,2.399,0.17900000000000027,0.46075433231396534,0.20999999999999996
AT,Piemonte,Gasolio,pre,109,763,2.335191349934469,0.06913577936257251,2.289,2.399,0.06500000000000039,0.010484927916120577,0.10999999999999988
AV,Campania,Benzina,post,174,1566,2.1013256704980843,0.0920165491020803,1.99,2.199,0.16999999999999993,0.30970625798212004,0.20899999999999985
AV,Campania,Benzina,pre,174,1207,2.1672377796188895,0.05007884957909205,2.135,2.199,0.040000000000000036,0.00579950289975145,0.06400000000000006
AV,Campania,Gasolio,post,174,1566,2.2831155810983397,0.09963976033763527,2.19,2.399,0.16000000000000014,0.36015325670498083,0.20900000000000007
AV,Campania,Gasolio,pre,174,1207,2.3541632145816074,0.06972714439593418,2.299,2.409,0.04999999999999982,0.00579950289975145,0.10999999999999988
BA,Puglia,Benzina,post,358,3221,2.0579009624340268,0.08316494387888344,1.989,2.179,0.1489999999999998,0.5100900341508848,0.18999999999999972
BA,Puglia,Benzina,pre,358,2505,2.161712974051896,0.03667386393147384,2.129,2.189,0.029999999999999805,0.003992015968063872,0.06000000000000005
BA,Puglia,Gasolio,post,358,3221,2.252147159267308,0.08816729271746084,2.189,2.399,0.10899999999999999,0.56038497361068,0.20999999999999996
BA,Puglia,Gasolio,pre,358,2505,2.351394411177645,0.0547876685660168,2.317,2.4,0.04999999999999982,0.015169660678642715,0.08299999999999974
BG,Lombardia,Benzina,post,313,2817,2.0795058572949947,0.0904009301913351,1.99,2.189,0.15399999999999991,0.3478878239261626,0.19900000000000007
BG,Lombardia,Benzina,pre,313,2188,2.149180530164534,0.06526557084213899,2.119,2.199,0.04599999999999982,0.02010968921389397,0.07999999999999963
BG,Lombardia,Gasolio,post,313,2816,2.284726917613636,0.11161324844749973,2.19,2.41,0.17400000000000038,0.36292613636363635,0.2200000000000002
BG,Lombardia,Gasolio,pre,313,2188,2.3463180987202925,0.09129039522984424,2.299,2.419,0.06399999999999961,0.02056672760511883,0.1200000000000001
BI,Piemonte,Benzina,post,68,612,2.0701290849673204,0.08469184347217971,1.99,2.169,0.1489999999999998,0.35130718954248363,0.17900000000000005
BI,Piemonte,Benzina,pre,68,475,2.132141052631579,0.0610749962559638,2.099,2.179,0.03999999999999959,0.029473684210526315,0.07999999999999963
BI,Piemonte,Gasolio,post,68,612,2.2732924836601307,0.09170616498511075,2.19,2.399,0.15500000000000025,0.3758169934640523,0.20900000000000007
BI,Piemonte,Gasolio,pre,68,476,2.3316344537815126,0.0682425456882784,2.269,2.389,0.06199999999999983,0.029411764705882353,0.11999999999999966
BL,Veneto,Benzina,post,95,853,2.085681125439625,0.08241683292814381,1.99,2.192,0.1649999999999998,0.36107854630715125,0.20200000000000018
BL,Veneto,Benzina,pre,95,665,2.166726315789474,0.03304670365863036,2.129,2.219,0.039000000000000146,0.0015037593984962407,0.08999999999999986
BL,Veneto,Gasolio,post,93,835,2.283377245508982,0.08623563841551411,2.19,2.399,0.16500000000000004,0.39281437125748503,0.20900000000000007
BL,Veneto,Gasolio,pre,93,651,2.3551658986175115,0.03734887667859338,2.309,2.399,0.04999999999999982,0.0015360983102918587,0.08999999999999986
BN,Campania,Benzina,post,129,1161,2.0976330749354,0.09829059523678862,1.99,2.199,0.17899999999999983,0.3686477174849268,0.20899999999999985
BN,Campania,Benzina,pre,129,898,2.161695991091314,0.052636063589080816,2.119,2.209,0.050000000000000266,0.024498886414253896,0.08999999999999986
BN,Campania,Gasolio,post,128,1152,2.2927647569444445,0.09856631372233489,2.19,2.439,0.16100000000000003,0.3541666666666667,0.2490000000000001
BN,Campania,Gasolio,pre,128,889,2.3551844769403827,0.06308604293199348,2.298,2.429,0.07399999999999984,0.024746906636670417,0.13099999999999978
BO,Emilia-Romagna,Benzina,post,306,2754,2.0757131445170662,0.08769164552325542,1.99,2.189,0.15900000000000003,0.415758896151053,0.19900000000000007
BO,Emilia-Romagna,Benzina,pre,306,2139,2.1556638616175783,0.04473255583149157,2.119,2.199,0.03400000000000025,0.0065451145395044414,0.07999999999999963
BO,Emilia-Romagna,Gasolio,post,305,2744,2.273225218658892,0.09018005405331493,2.19,2.399,0.15900000000000025,0.44424198250728864,0.20900000000000007
BO,Emilia-Romagna,Gasolio,pre,305,2131,2.3453186297512905,0.05579871879323551,2.299,2.399,0.06000000000000005,0.01313937118723604,0.10000000000000009
BR,Puglia,Benzina,post,161,1449,2.078097308488613,0.08948397677296464,1.99,2.189,0.17900000000000005,0.4244306418219462,0.19900000000000007
BR,Puglia,Benzina,pre,161,1127,2.1640390417036377,0.04598414934806966,2.139,2.199,0.02900000000000036,0.008873114463176575,0.06000000000000005
BR,Puglia,Gasolio,post,161,1449,2.2611808143547276,0.09677736392136478,2.19,2.399,0.13900000000000023,0.463768115942029,0.20900000000000007
BR,Puglia,Gasolio,pre,161,1127,2.343337178349601,0.07641698657230189,2.311,2.399,0.04699999999999971,0.0354924578527063,0.08800000000000008
BS,Lombardia,Benzina,post,467,4198,2.0885247737017627,0.09076451939139837,1.99,2.199,0.16899999999999982,0.36040971891376844,0.20899999999999985
BS,Lombardia,Benzina,pre,466,3259,2.15607394906413,0.050966554526046495,2.119,2.199,0.040000000000000036,0.013194231359312672,0.07999999999999963
BS,Lombardia,Gasolio,post,463,4162,2.295290004805382,0.09987179833620671,2.19,2.409,0.19899999999999984,0.381307063911581,0.21899999999999986
BS,Lombardia,Gasolio,pre,462,3229,2.355579436358006,0.06054308346086051,2.299,2.41,0.05900000000000016,0.02260761845772685,0.11100000000000021
BT,Puglia,Benzina,post,89,801,2.057808988764045,0.07910462830391825,1.99,2.179,0.1489999999999998,0.5131086142322098,0.18899999999999983
BT,Puglia,Benzina,pre,89,623,2.1610192616372395,0.03205170082068903,2.119,2.199,0.040000000000000036,0.011235955056179775,0.07999999999999963
BT,Puglia,Gasolio,post,89,800,2.2500375,0.07751936957673715,2.19,2.389,0.10899999999999999,0.57375,0.19899999999999984
BT,Puglia,Gasolio,pre,89,623,2.3488747993579455,0.04051323142106448,2.299,2.405,0.04999999999999982,0.0,0.10599999999999987
BZ,Trentino-Alto Adige/Südtirol,Benzina,post,144,1296,2.112885802469136,0.10257785102195384,1.99,2.229,0.20899999999999985,0.37962962962962965,0.2390000000000001
BZ,Trentino-Alto Adige/Südtirol,Benzina,pre,144,1008,2.1946001984126986,0.04000071846376007,2.159,2.249,0.040000000000000036,0.006944444444444444,0.0900000000000003
BZ,Trentino-Alto Adige/Südtirol,Gasolio,post,143,1287,2.3206060606060603,0.10974731075655099,2.19,2.459,0.2290000000000001,0.3853923853923854,0.26900000000000013
BZ,Trentino-Alto Adige/Südtirol,Gasolio,pre,143,1001,2.39810989010989,0.04270430788676808,2.347,2.455,0.052000000000000046,0.0,0.1080000000000001
CA,Sardegna,Benzina,post,174,1547,2.057267614738203,0.07940536284030077,1.99,2.169,0.139,0.5229476405946994,0.17900000000000005
CA,Sardegna,Benzina,pre,174,1211,2.146585466556565,0.03736153394009033,2.109,2.189,0.04999999999999982,0.0,0.08000000000000007
CA,Sardegna,Gasolio,post,174,1544,2.2659507772020726,0.08687966760007246,2.19,2.399,0.16900000000000004,0.5362694300518135,0.20900000000000007
CA,Sardegna,Gasolio,pre,174,1211,2.3450008257638313,0.04220852406149411,2.299,2.399,0.07000000000000028,0.0,0.10000000000000009
CB,Molise,Benzina,post,98,880,2.071944318181818,0.09818131326707465,1.99,2.198,0.15500000000000003,0.3375,0.20799999999999996
CB,Molise,Benzina,pre,98,684,2.145883040935672,0.08177242859302426,2.119,2.199,0.038000000000000256,0.033625730994152045,0.07999999999999963
CB,Molise,Gasolio,post,98,880,2.2765874999999998,0.10994455766151302,2.19,2.399,0.16400000000000015,0.35,0.20900000000000007
CB,Molise,Gasolio,pre,98,684,2.340985380116959,0.09479717003301401,2.299,2.406,0.051000000000000156,0.033625730994152045,0.1070000000000002
CE,Campania,Benzina,post,298,2682,2.0748709917971664,0.09727569070008847,1.99,2.189,0.15500000000000003,0.389634601043997,0.19900000000000007
CE,Campania,Benzina,pre,298,2086,2.1447118887823584,0.07344910584041812,2.109,2.199,0.040000000000000036,0.02732502396931927,0.08999999999999986
CE,Campania,Gasolio,post,298,2682,2.2592979120059655,0.10863128828905783,2.19,2.389,0.14500000000000002,0.41946308724832215,0.19899999999999984
CE,Campania,Gasolio,pre,298,2084,2.326159788867562,0.09840410620622655,2.279,2.399,0.07000000000000028,0.02831094049904031,0.1200000000000001
CH,Abruzzo,Benzina,post,171,1536,2.072431640625,0.08592687908161915,1.99,2.189,0.16700000000000004,0.4479166666666667,0.19900000000000007
CH,Abruzzo,Benzina,pre,171,1195,2.1577138075313806,0.03415493472854726,2.119,2.199,0.020999999999999908,0.0016736401673640166,0.07999999999999963
CH,Abruzzo,Gasolio,post,171,1536,2.26883984375,0.08387551890765013,2.19,2.399,0.1499999999999999,0.4694010416666667,0.20900000000000007
CH,Abruzzo,Gasolio,pre,171,1195,2.3419004184100416,0.04483081120156783,2.289,2.399,0.040000000000000036,0.012552301255230125,0.10999999999999988
CI,Sardegna,Benzina,post,48,432,2.0534560185185184,0.09121852556826823,1.989,2.177,0.139,0.4699074074074074,0.18799999999999994
CI,Sardegna,Benzina,pre,48,333,2.1344324324324324,0.06980057068434775,2.107,2.187,0.03999999999999959,0.021021021021021023,0.07999999999999963
CI,Sardegna,Gasolio,post,48,432,2.2609814814814815,0.13484449970030032,2.189,2.419,0.17900000000000027,0.4976851851851852,0.22999999999999998
CI,Sardegna,Gasolio,pre,48,333,2.340648648648649,0.12052263062865108,2.307,2.419,0.0519999999999996,0.042042042042042045,0.1120000000000001
CL,Sicilia,Benzina,post,80,719,2.0903157162726007,0.0895504505447411,1.99,2.199,0.17900000000000005,0.4047287899860918,0.20899999999999985
CL,Sicilia,Benzina,pre,80,560,2.1660160714285714,0.024396649794825382,2.139,2.199,0.02499999999999991,0.0017857142857142857,0.06000000000000005
CL,Sicilia,Gasolio,post,80,719,2.296538247566064,0.09189404927821158,2.19,2.408,0.19499999999999984,0.38247566063977745,0.21799999999999997
CL,Sicilia,Gasolio,pre,80,558,2.3672186379928317,0.03243978889185456,2.329,2.409,0.04999999999999982,0.0017921146953405018,0.07999999999999963
CN,Piemonte,Benzina,post,288,2592,2.0801597222222226,0.09466806434277066,1.99,2.189,0.16899999999999982,0.3626543209876543,0.19900000000000007
CN,Piemonte,Benzina,pre,288,2015,2.1579607940446652,0.055681486651085785,2.128,2.199,0.0349999999999997,0.014392059553349877,0.07099999999999973
CN,Piemonte,Gasolio,post,288,2592,2.2837515432098767,0.106645193134842,2.189,2.419,0.18900000000000006,0.3912037037037037,0.22999999999999998
CN,Piemonte,Gasolio,pre,288,2015,2.359912158808933,0.07333911199772133,2.299,2.419,0.06000000000000005,0.015384615384615385,0.1200000000000001
CO,Lombardia,Benzina,post,107,962,2.0676850311850314,0.07840859631120349,1.99,2.189,0.15399999999999991,0.4261954261954262,0.19900000000000007
CO,Lombardia,Benzina,pre,107,746,2.1568109919571046,0.031246848965773615,2.119,2.199,0.040000000000000036,0.0,0.07999999999999963
CO,Lombardia,Gasolio,post,106,954,2.2757379454926627,0.0881307366547492,2.19,2.399,0.16400000000000015,0.4549266247379455,0.20900000000000007
CO,Lombardia,Gasolio,pre,106,739,2.357826792963464,0.041943144985154134,2.299,2.409,0.0519999999999996,0.0,0.10999999999999988
CR,Lombardia,Benzina,post,133,1197,2.064436090225564,0.07488730865380176,1.99,2.159,0.1489999999999998,0.4352548036758563,0.16899999999999982
CR,Lombardia,Benzina,pre,133,930,2.151293548387097,0.032750892333554,2.119,2.199,0.040000000000000036,0.005376344086021506,0.07999999999999963
CR,Lombardia,Gasolio,post,132,1188,2.268714646464647,0.08131912788737668,2.19,2.395,0.15900000000000025,0.45454545454545453,0.20500000000000007
CR,Lombardia,Gasolio,pre,132,923,2.349088840736728,0.04433114292744263,2.299,2.405,0.05500000000000016,0.005417118093174431,0.10599999999999987
CS,Calabria,Benzina,post,245,2205,2.082112471655329,0.0946785422593264,1.99,2.199,0.18899999999999983,0.46802721088435373,0.20899999999999985
CS,Calabria,Benzina,pre,245,1712,2.1808294392523364,0.031542056718899245,2.149,2.209,0.040000000000000036,0.0040887850467289715,0.06000000000000005
CS,Calabria,Gasolio,post,246,2214,2.2837321589882564,0.09629935761299059,2.19,2.41,0.19899999999999984,0.4715447154471545,0.2200000000000002
CS,Calabria,Gasolio,pre,246,1719,2.3715945317044795,0.03819081121007421,2.329,2.419,0.04999999999999982,0.004072134962187318,0.08999999999999986
CT,Sicilia,Benzina,post,359,3231,2.0799371711544414,0.09178372790239404,1.99,2.188,0.16300000000000003,0.4264933457134014,0.19800000000000018
CT,Sicilia,Benzina,pre,359,2513,2.1577401512136887,0.049747064530841746,2.129,2.189,0.03000000000000025,0.014723438121766812,0.06000000000000005
CT,Sicilia,Gasolio,post,359,3230,2.280847987616099,0.09568402883007976,2.19,2.399,0.18299999999999983,0.4390092879256966,0.20900000000000007
CT,Sicilia,Gasolio,pre,359,2513,2.3588686828491845,0.0575325533208493,2.329,2.41,0.04999999999999982,0.014723438121766812,0.08099999999999996
CZ,Calabria,Benzina,post,143,1287,2.0876596736596738,0.09288969418310074,1.99,2.199,0.17899999999999983,0.4289044289044289,0.20899999999999985
CZ,Calabria,Benzina,pre,143,1001,2.1735464535464533,0.03718701507125959,2.149,2.199,0.03000000000000025,0.006993006993006993,0.04999999999999982
CZ,Calabria,Gasolio,post,143,1287,2.2844110334110335,0.09496174052916243,2.19,2.399,0.18400000000000016,0.4428904428904429,0.20900000000000007
CZ,Calabria,Gasolio,pre,143,1001,2.3594925074925075,0.049508284092727665,2.317,2.409,0.04700000000000015,0.006993006993006993,0.09199999999999964
EN,Sicilia,Benzina,post,53,477,2.0885324947589097,0.08296626258658826,1.99,2.199,0.16999999999999993,0.35639412997903563,0.20899999999999985
EN,Sicilia,Benzina,pre,53,371,2.1682291105121294,0.029662585661495947,2.144,2.199,0.020000000000000018,0.008086253369272238,0.054999999999999716
EN,Sicilia,Gasolio,post,52,468,2.2926324786324788,0.0950908366163866,2.189,2.43,0.19899999999999984,0.3782051282051282,0.2410000000000001
EN,Sicilia,Gasolio,pre,52,364,2.367074175824176,0.05749296273268321,2.329,2.439,0.06000000000000005,0.008241758241758242,0.10999999999999988
FC,Emilia-Romagna,Benzina,post,145,1300,2.0798953846153845,0.0764234172278093,1.99,2.178,0.1489999999999998,0.34307692307692306,0.18799999999999994
FC,Emilia-Romagna,Benzina,pre,144,1008,2.142605158730159,0.03679642664819597,2.117,2.189,0.030999999999999694,0.01488095238095238,0.07200000000000006
FC,Emilia-Romagna,Gasolio,post,146,1308,2.2787324159021405,0.08197630774215953,2.19,2.379,0.15799999999999992,0.3662079510703364,0.18900000000000006
FC,Emilia-Romagna,Gasolio,pre,145,1015,2.3378374384236453,0.05360585738606014,2.289,2.395,0.040000000000000036,0.023645320197044337,0.10599999999999987
FE,Emilia-Romagna,Benzina,post,144,1296,2.088701388888889,0.09265025962245357,1.99,2.189,0.1599999999999997,0.2970679012345679,0.19900000000000007
FE,Emilia-Romagna,Benzina,pre,144,1007,2.150398212512413,0.06702405518129187,2.119,2.199,0.03000000000000025,0.027805362462760674,0.07999999999999963
FE,Emilia-Romagna,Gasolio,post,143,1286,2.2867402799377916,0.10079850553791127,2.19,2.399,0.16400000000000015,0.3164852255054432,0.20900000000000007
FE,Emilia-Romagna,Gasolio,pre,143,1000,2.337745,0.09193838502846141,2.294,2.399,0.04899999999999993,0.028,0.10499999999999998
FG,Puglia,Benzina,post,184,1655,2.0880501510574017,0.10501486287811698,1.99,2.199,0.18499999999999983,0.40906344410876133,0.20899999999999985
FG,Puglia,Benzina,pre,184,1288,2.1660830745341615,0.07152098333718127,2.119,2.226,0.04999999999999982,0.030279503105590064,0.10699999999999976
FG,Puglia,Gasolio,post,185,1663,2.2717215874924834,0.10915828297974474,2.19,2.399,0.16800000000000015,0.44618159951894165,0.20900000000000007
FG,Puglia,Gasolio,pre,185,1295,2.345669498069498,0.09001134457597784,2.298,2.41,0.054999999999999716,0.039382239382239385,0.1120000000000001
FI,Toscana,Benzina,post,278,2502,2.0604664268585133,0.08117081736255992,1.99,2.169,0.1489999999999998,0.5015987210231815,0.17900000000000005
FI,Toscana,Benzina,pre,278,1946,2.1519059609455296,0.037364595582038175,2.119,2.189,0.03100000000000014,0.0041109969167523125,0.06999999999999984
FI,Toscana,Gasolio,post,278,2502,2.269286570743405,0.08755717051314209,2.19,2.399,0.15900000000000025,0.5083932853717026,0.20900000000000007
FI,Toscana,Gasolio,pre,278,1946,2.354594039054471,0.044714077600428066,2.299,2.406,0.053999999999999826,0.007708119218910586,0.1070000000000002
FM,Marche,Benzina,post,82,737,2.060887381275441,0.08953915566732062,1.99,2.189,0.139,0.49389416553595655,0.19900000000000007
FM,Marche,Benzina,pre,82,574,2.1337020905923345,0.05930004837546162,2.109,2.189,0.03999999999999959,0.04878048780487805,0.08000000000000007
FM,Marche,Gasolio,post,82,737,2.25314789687924,0.08747733308300738,2.189,2.398,0.10899999999999999,0.5291723202170964,0.20900000000000007
FM,Marche,Gasolio,pre,82,572,2.3143986013986013,0.06297486668042272,2.268,2.379,0.050000000000000266,0.050699300699300696,0.11100000000000021
FR,Lazio,Benzina,post,241,2164,2.0507167282809613,0.11546436298277542,1.99,2.189,0.15900000000000003,0.5189463955637708,0.19900000000000007
FR,Lazio,Benzina,pre,240,1680,2.132822619047619,0.10584744419029553,2.099,2.199,0.04300000000000015,0.05892857142857143,0.09999999999999964
FR,Lazio,Gasolio,post,241,2163,2.247457235321313,0.13092785437055535,2.189,2.399,0.14900000000000002,0.5395284327323162,0.20999999999999996
FR,Lazio,Gasolio,pre,240,1680,2.3253660714285718,0.12360096380115267,2.289,2.399,0.050000000000000266,0.06488095238095239,0.10999999999999988
GE,Liguria,Benzina,post,202,1817,2.0525035773252616,0.08372077117264237,1.989,2.179,0.1489999999999998,0.5553109521188773,0.18999999999999972
GE,Liguria,Benzina,pre,202,1414,2.1606357850070723,0.04628773535110496,2.127,2.199,0.040000000000000036,0.010608203677510608,0.07200000000000006
GE,Liguria,Gasolio,post,201,1809,2.2590967385295744,0.09702262323637037,2.189,2.399,0.15900000000000025,0.5710337202874516,0.20999999999999996
GE,Liguria,Gasolio,pre,201,1407,2.3555934612651033,0.0690840267012989,2.309,2.407,0.054999999999999716,0.014214641080312722,0.09799999999999986
GO,Friuli-Venezia Giulia,Benzina,post,40,360,2.0487055555555553,0.07414370577156316,1.99,2.179,0.119,0.49722222222222223,0.18899999999999983
GO,Friuli-Venezia Giulia,Benzina,pre,40,280,2.1657357142857143,0.028750467838309344,2.129,2.199,0.04200000000000026,0.0,0.06999999999999984
GO,Friuli-Venezia Giulia,Gasolio,post,40,360,2.254361111111111,0.08498826816556225,2.19,2.409,0.08899999999999997,0.5305555555555556,0.21899999999999986
GO,Friuli-Venezia Giulia,Gasolio,pre,40,280,2.3631714285714285,0.04523446569642167,2.299,2.41,0.06000000000000005,0.0,0.11100000000000021
GR,Toscana,Benzina,post,129,1161,2.086558139534884,0.09544321441163495,1.99,2.194,0.16899999999999982,0.35831180017226527,0.20399999999999996
GR,Toscana,Benzina,pre,129,901,2.147752497225305,0.06126207642290471,2.089,2.199,0.05699999999999994,0.00776914539400666,0.10999999999999988
GR,Toscana,Gasolio,post,129,1161,2.288872523686477,0.10062175303609358,2.19,2.399,0.16900000000000004,0.38242894056847543,0.20900000000000007
GR,Toscana,Gasolio,pre,129,901,2.3408879023307434,0.06777123019668971,2.268,2.399,0.07299999999999995,0.008879023307436182,0.13100000000000023
IM,Liguria,Benzina,post,64,572,2.0599702797202797,0.08415015033660327,1.99,2.197,0.15900000000000003,0.5087412587412588,0.20700000000000007
IM,Liguria,Benzina,pre,63,441,2.167739229024943,0.03180991166780155,2.139,2.199,0.029999999999999805,0.0022675736961451248,0.06000000000000005
IM,Liguria,Gasolio,post,64,572,2.270956293706294,0.09506428746860517,2.19,2.419,0.17900000000000027,0.5297202797202797,0.2290000000000001
IM,Liguria,Gasolio,pre,63,441,2.3759750566893425,0.03966028256052713,2.339,2.429,0.04999999999999982,0.0022675736961451248,0.08999999999999986
IS,Molise,Benzina,post,41,367,2.0872207084468664,0.08573754466115834,1.99,2.187,0.16199999999999992,0.29155313351498635,0.19699999999999984
IS,Molise,Benzina,pre,41,285,2.149056140350877,0.06279513700542048,2.118,2.199,0.040000000000000036,0.02456140350877193,0.08099999999999996
IS,Molise,Gasolio,post,41,367,2.289648501362398,0.12476924774227921,2.19,2.419,0.19999999999999973,0.33242506811989103,0.2290000000000001
IS,Molise,Gasolio,pre,41,285,2.3558315789473685,0.10730320860404627,2.325,2.43,0.0479999999999996,0.02456140350877193,0.10499999999999998
KR,Calabria,Benzina,post,44,396,2.0904621212121213,0.09742227582738867,1.99,2.229,0.18899999999999983,0.36363636363636365,0.2390000000000001
KR,Calabria,Benzina,pre,44,307,2.1828827361563516,0.033670538434988746,2.149,2.229,0.040000000000000036,0.0,0.08000000000000007
KR,Calabria,Gasolio,post,44,396,2.296969696969697,0.10134792356554298,2.19,2.449,0.20900000000000007,0.3787878787878788,0.2589999999999999
KR,Calabria,Gasolio,pre,44,307,2.3754625407166126,0.03577774161166178,2.339,2.429,0.04999999999999982,0.0,0.08999999999999986
LC,Lombardia,Benzina,post,84,756,2.0754589947089945,0.08190871779876921,1.99,2.194,0.1519999999999999,0.37566137566137564,0.20399999999999996
LC,Lombardia,Benzina,pre,84,588,2.1569438775510203,0.03567659839227382,2.119,2.204,0.04999999999999982,0.0017006802721088435,0.08499999999999996
LC,Lombardia,Gasolio,post,84,756,2.2820873015873016,0.08740126113396862,2.19,2.409,0.16000000000000014,0.4007936507936508,0.21899999999999986
LC,Lombardia,Gasolio,pre,84,588,2.3579234693877553,0.04228739902207168,2.299,2.409,0.051000000000000156,0.0017006802721088435,0.10999999999999988
LE,Puglia,Benzina,post,374,3366,2.095622697563874,0.09045355556026231,1.99,2.199,0.18899999999999983,0.34402852049910876,0.20899999999999985
LE,Puglia,Benzina,pre,374,2618,2.1696566080977844,0.040590456170017886,2.135,2.199,0.04499999999999993,0.008021390374331552,0.06400000000000006
LE,Puglia,Gasolio,post,374,3366,2.2858918597742126,0.08737529961465863,2.19,2.399,0.16900000000000004,0.36779560308972076,0.20900000000000007
LE,Puglia,Gasolio,pre,374,2618,2.3519736440030554,0.042068421356686675,2.299,2.399,0.040000000000000036,0.008403361344537815,0.10000000000000009
LI,Toscana,Benzina,post,130,1168,2.074588184931507,0.10770071402741678,1.99,2.199,0.1489999999999998,0.4691780821917808,0.20899999999999985
LI,Toscana,Benzina,pre,130,907,2.1522425578831315,0.07010199630971106,2.098,2.199,0.04999999999999982,0.0011025358324145535,0.10099999999999998
LI,Toscana,Gasolio,post,130,1166,2.271956260720412,0.09125629036721351,2.19,2.399,0.16900000000000004,0.4897084048027444,0.20900000000000007
LI,Toscana,Gasolio,pre,130,909,2.3436853685368537,0.05133791498258764,2.289,2.399,0.06999999999999984,0.009900990099009901,0.10999999999999988
LO,Lombardia,Benzina,post,68,611,2.0560474631751227,0.07195448952793708,1.99,2.169,0.135,0.4402618657937807,0.17900000000000005
LO,Lombardia,Benzina,pre,67,469,2.150368869936034,0.031011136182184092,2.119,2.199,0.040000000000000036,0.0021321961620469083,0.07999999999999963
LO,Lombardia,Gasolio,post,68,611,2.259140752864157,0.08244580828456027,2.189,2.398,0.15399999999999991,0.49263502454991814,0.20900000000000007
LO,Lombardia,Gasolio,pre,67,469,2.3499296375266523,0.04570106036937692,2.299,2.409,0.04999999999999982,0.017057569296375266,0.10999999999999988
LT,Lazio,Benzina,post,242,2176,2.058193474264706,0.099357729505899,1.99,2.179,0.15900000000000003,0.5151654411764706,0.18899999999999983
LT,Lazio,Benzina,pre,242,1693,2.152359716479622,0.07558499174275085,2.129,2.197,0.040000000000000036,0.021264028352037802,0.06800000000000006
LT,Lazio,Gasolio,post,241,2166,2.2576546629732226,0.12621973158371236,2.19,2.399,0.16900000000000004,0.5355493998153278,0.20900000000000007
LT,Lazio,Gasolio,pre,241,1682,2.3463305588585017,0.11124276128760219,2.299,2.409,0.0519999999999996,0.03032104637336504,0.10999999999999988
LU,Toscana,Benzina,post,176,1584,2.0863421717171717,0.08272727473708948,1.99,2.189,0.1649999999999998,0.3434343434343434,0.19900000000000007
LU,Toscana,Benzina,pre,176,1232,2.157208603896104,0.03733192922583483,2.125,2.199,0.03500000000000014,0.006493506493506494,0.07399999999999984
LU,Toscana,Gasolio,post,176,1583,2.2907138344914717,0.08949095882345287,2.19,2.399,0.18500000000000005,0.3720783322804801,0.20900000000000007
LU,Toscana,Gasolio,pre,176,1232,2.357095779220779,0.045572989795545235,2.309,2.409,0.0519999999999996,0.012175324675324676,0.09999999999999964
MB,Lombardia,Benzina,post,190,1710,2.057616374269006,0.07261636548929945,1.99,2.169,0.135,0.41403508771929826,0.17900000000000005
MB,Lombardia,Benzina,pre,190,1328,2.1464457831325303,0.03122249320084981,2.109,2.185,0.029999999999999805,0.006024096385542169,0.07600000000000007
MB,Lombardia,Gasolio,post,189,1701,2.2690776014109346,0.08437548346393535,2.19,2.399,0.16500000000000004,0.43386243386243384,0.20900000000000007
MB,Lombardia,Gasolio,pre,189,1321,2.3512437547312643,0.04232779292344563,2.299,2.399,0.04999999999999982,0.006056018168054504,0.10000000000000009
MC,Marche,Benzina,post,152,1363,2.060584005869406,0.09562070633331898,1.99,2.189,0.15000000000000013,0.4644167278063096,0.19900000000000007
MC,Marche,Benzina,pre,152,1064,2.138406015037594,0.07266321105181772,2.119,2.199,0.04999999999999982,0.02631578947368421,0.07999999999999963
MC,Marche,Gasolio,post,151,1354,2.254905465288035,0.1172991951474079,2.19,2.389,0.15700000000000003,0.49261447562776955,0.19899999999999984
MC,Marche,Gasolio,pre,151,1057,2.317762535477767,0.10171124548798331,2.294,2.389,0.05900000000000016,0.026490066225165563,0.09499999999999975
ME,Sicilia,Benzina,post,181,1629,2.0915635359116025,0.10434015988292239,1.99,2.199,0.17500000000000004,0.4284837323511357,0.20899999999999985
ME,Sicilia,Benzina,pre,181,1264,2.17678164556962,0.049875694524855144,2.149,2.199,0.020000000000000018,0.00949367088607595,0.04999999999999982
ME,Sicilia,Gasolio,post,181,1629,2.2952136279926334,0.10796344492789918,2.19,2.429,0.20500000000000007,0.4340085942295887,0.23899999999999988
ME,Sicilia,Gasolio,pre,181,1264,2.378439082278481,0.051558907183960875,2.339,2.422,0.05999999999999961,0.00870253164556962,0.08300000000000018
MI,Lombardia,Benzina,post,636,5722,2.0648056623558193,0.09655780225394821,1.99,2.189,0.1489999999999998,0.4484445997902831,0.19900000000000007
MI,Lombardia,Benzina,pre,636,4450,2.157194831460674,0.058608483942199405,2.119,2.199,0.03299999999999992,0.0071910112359550565,0.07999999999999963
MI,Lombardia,Gasolio,post,625,5622,2.2715574528637497,0.10429307348764481,2.19,2.409,0.16900000000000004,0.4702952685876912,0.21899999999999986
MI,Lombardia,Gasolio,pre,625,4373,2.357898696546993,0.06935758365506163,2.299,2.416,0.06599999999999984,0.01074777040932998,0.11699999999999999
MN,Lombardia,Benzina,post,167,1503,2.0633679308050565,0.07587364897445145,1.99,2.159,0.1439999999999999,0.4624085163007319,0.16899999999999982
MN,Lombardia,Benzina,pre,167,1167,2.147630676949443,0.03659558106970729,2.125,2.189,0.020000000000000018,0.01970865467009426,0.06400000000000006
MN,Lombardia,Gasolio,post,162,1458,2.266615912208505,0.08354201927645953,2.19,2.389,0.14900000000000002,0.4890260631001372,0.19899999999999984
MN,Lombardia,Gasolio,pre,162,1132,2.3431749116607774,0.04996684459951153,2.299,2.4,0.050000000000000266,0.022084805653710248,0.10099999999999998
MO,Emilia-Romagna,Benzina,post,247,2223,2.0829847053531267,0.08331520694544761,1.99,2.199,0.1649999999999998,0.35852451641925326,0.20899999999999985
MO,Emilia-Romagna,Benzina,pre,247,1726,2.1611790266512165,0.035041885337115684,2.119,2.199,0.040000000000000036,0.0,0.07999999999999963
MO,Emilia-Romagna,Gasolio,post,247,2222,2.2813604860486048,0.08603900105847588,2.19,2.399,0.16500000000000004,0.38793879387938796,0.20900000000000007
MO,Emilia-Romagna,Gasolio,pre,247,1726,2.352811123986095,0.05183399604265898,2.295,2.409,0.05999999999999961,0.020278099652375436,0.11399999999999988
MS,Toscana,Benzina,post,68,612,2.0731029411764705,0.08127471060426256,1.99,2.179,0.16899999999999982,0.40522875816993464,0.18899999999999983
MS,Toscana,Benzina,pre,68,476,2.1622415966386557,0.027838451877197926,2.134,2.199,0.0349999999999997,0.0,0.06499999999999995
MS,Toscana,Gasolio,post,68,612,2.2817990196078433,0.09327967099166828,2.19,2.399,0.18999999999999995,0.4264705882352941,0.20900000000000007
MS,Toscana,Gasolio,pre,68,476,2.3624873949579834,0.04134249564360554,2.319,2.415,0.04999999999999982,0.0,0.09600000000000009
MT,Basilicata,Benzina,post,75,675,2.1055940740740744,0.0962968855807207,1.99,2.199,0.19100000000000006,0.3422222222222222,0.20899999999999985
MT,Basilicata,Benzina,pre,75,525,2.1786895238095236,0.03183642569019033,2.149,2.219,0.040000000000000036,0.0,0.06999999999999984
MT,Basilicata,Gasolio,post,75,674,2.2862759643916917,0.08718250119744167,2.19,2.399,0.17100000000000026,0.37833827893175076,0.20900000000000007
MT,Basilicata,Gasolio,pre,75,525,2.3638590476190475,0.04263357029249523,2.319,2.418,0.051000000000000156,0.013333333333333334,0.0990000000000002
NA,Campania,Benzina,post,662,5955,2.0755843828715363,0.09908836251257121,1.99,2.195,0.15900000000000003,0.4374475230898405,0.20499999999999985
NA,Campania,Benzina,pre,662,4620,2.15518354978355,0.06702424546654848,2.109,2.199,0.040000000000000036,0.011471861471861472,0.08999999999999986
NA,Campania,Gasolio,post,662,5955,2.264543240973971,0.10185623815373714,2.189,2.399,0.14700000000000024,0.48463476070528966,0.20999999999999996
NA,Campania,Gasolio,pre,662,4620,2.3421558441558443,0.08032506995599373,2.289,2.399,0.08000000000000007,0.022510822510822513,0.10999999999999988
NO,Piemonte,Benzina,post,136,1224,2.0596013071895425,0.08497146574064275,1.99,2.169,0.1489999999999998,0.4444444444444444,0.17900000000000005
NO,Piemonte,Benzina,pre,136,951,2.1435005257623554,0.0571842796739501,2.119,2.195,0.029999999999999805,0.023133543638275498,0.07599999999999962
NO,Piemonte,Gasolio,post,136,1224,2.2653660130718953,0.10740177594813856,2.19,2.399,0.17900000000000027,0.46405228758169936,0.20900000000000007
NO,Piemonte,Gasolio,pre,136,950,2.3416589473684213,0.085633162153626,2.299,2.4,0.04999999999999982,0.034736842105263156,0.10099999999999998
NU,Sardegna,Benzina,post,63,567,2.1285502645502645,0.1111837392896944,1.99,2.278,0.20499999999999985,0.3262786596119929,0.28800000000000003
NU,Sardegna,Benzina,pre,63,441,2.1987120181405895,0.04896456107839295,2.149,2.279,0.07000000000000028,0.0,0.1299999999999999
NU,Sardegna,Gasolio,post,63,567,2.332283950617284,0.11040168614563724,2.19,2.459,0.2250000000000001,0.3333333333333333,0.26900000000000013
NU,Sardegna,Gasolio,pre,63,441,2.3991337868480724,0.04478146701117175,2.349,2.459,0.07799999999999985,0.0,0.10999999999999988
OG,Sardegna,Benzina,post,24,216,2.1436759259259257,0.10748432692268396,1.99,2.269,0.20999999999999996,0.25462962962962965,0.27900000000000014
OG,Sardegna,Benzina,pre,24,168,2.2011964285714285,0.053619446258877414,2.159,2.269,0.040000000000000036,0.0,0.11000000000000032
OG,Sardegna,Gasolio,post,24,216,2.3437361111111112,0.10714302456612908,2.19,2.499,0.16500000000000004,0.25462962962962965,0.30900000000000016
OG,Sardegna,Gasolio,pre,24,168,2.3996785714285713,0.05382910654766092,2.349,2.499,0.08000000000000007,0.0,0.1499999999999999
OR,Sardegna,Benzina,post,67,603,2.0760082918739635,0.08411942703216875,1.99,2.169,0.16899999999999982,0.417910447761194,0.17900000000000005
OR,Sardegna,Benzina,pre,67,465,2.155101075268817,0.04149850042633359,2.129,2.189,0.02200000000000024,0.017204301075268817,0.06000000000000005
OR,Sardegna,Gasolio,post,66,594,2.282383838383838,0.09524919376065447,2.19,2.399,0.19499999999999984,0.4377104377104377,0.20900000000000007
OR,Sardegna,Gasolio,pre,66,458,2.357862445414847,0.053879562874420125,2.319,2.405,0.04499999999999993,0.017467248908296942,0.08599999999999985
OT,Sardegna,Benzina,post,72,645,2.073919379844961,0.08888660694404274,1.99,2.199,0.17900000000000005,0.47751937984496123,0.20899999999999985
OT,Sardegna,Benzina,pre,72,502,2.170768924302789,0.028612044531171485,2.129,2.219,0.039000000000000146,0.0,0.08999999999999986
OT,Sardegna,Gasolio,post,72,644,2.2814037267080742,0.09559465219800856,2.19,2.409,0.19899999999999984,0.4922360248447205,0.21899999999999986
OT,Sardegna,Gasolio,pre,72,502,2.3687868525896416,0.04126237050890499,2.329,2.419,0.05500000000000016,0.0,0.08999999999999986
PA,Sicilia,Benzina,post,317,2842,2.0797846586910627,0.09213796071865264,1.99,2.197,0.16899999999999982,0.4489795918367347,0.20700000000000007
PA,Sicilia,Benzina,pre,315,2204,2.1687563520871143,0.04187011757606271,2.129,2.199,0.03799999999999981,0.0054446460980036296,0.06999999999999984
PA,Sicilia,Gasolio,post,317,2839,2.281738288129623,0.09477534088004598,2.19,2.399,0.18400000000000016,0.45966889749911943,0.20900000000000007
PA,Sicilia,Gasolio,pre,315,2202,2.3736094459582198,0.04577862959442793,2.329,2.419,0.04999999999999982,0.003178928247048138,0.08999999999999986
PC,Emilia-Romagna,Benzina,post,126,1134,2.0592169312169313,0.0810185743302984,1.989,2.169,0.139,0.5061728395061729,0.17999999999999994
PC,Emilia-Romagna,Benzina,pre,126,882,2.149206349206349,0.04136916721381007,2.119,2.189,0.03500000000000014,0.007936507936507936,0.06999999999999984
PC,Emilia-Romagna,Gasolio,post,126,1133,2.262832303618711,0.08885580160306085,2.189,2.389,0.16700000000000026,0.5225066195939982,0.19999999999999973
PC,Emilia-Romagna,Gasolio,pre,126,882,2.346343537414966,0.05747315326639788,2.299,2.399,0.06000000000000005,0.007936507936507936,0.10000000000000009
PD,Veneto,Benzina,post,322,2895,2.058943696027634,0.07313780250766772,1.99,2.169,0.139,0.4400690846286701,0.17900000000000005
PD,Veneto,Benzina,pre,322,2252,2.1509409413854352,0.03174492368884794,2.119,2.189,0.02400000000000002,0.006216696269982238,0.06999999999999984
PD,Veneto,Gasolio,post,319,2866,2.259525471039777,0.07604902120830757,2.19,2.389,0.10899999999999999,0.4567341242149337,0.19899999999999984
PD,Veneto,Gasolio,pre,319,2231,2.343742268041237,0.03968766400904669,2.308,2.398,0.03200000000000003,0.010309278350515464,0.0900000000000003
PE,Abruzzo,Benzina,post,116,1044,2.0507519157088123,0.07170434895345285,1.99,2.159,0.1369999999999998,0.5162835249042146,0.16899999999999982
PE,Abruzzo,Benzina,pre,116,803,2.1489439601494396,0.02719245343746198,2.109,2.185,0.021999999999999797,0.0012453300124533001,0.07600000000000007
PE,Abruzzo,Gasolio,post,116,1044,2.2510172413793104,0.0753645769122929,2.19,2.376,0.10899999999999999,0.5421455938697318,0.18599999999999994
PE,Abruzzo,Gasolio,pre,116,805,2.3391068322981368,0.03685305654412805,2.294,2.389,0.040000000000000036,0.0012422360248447205,0.09499999999999975
PG,Umbria,Benzina,post,303,2720,2.068927205882353,0.09381387751345646,1.99,2.189,0.15900000000000003,0.40625,0.19900000000000007
PG,Umbria,Benzina,pre,302,2110,2.1555563981042654,0.06163285806515129,2.119,2.199,0.040000000000000036,0.01042654028436019,0.07999999999999963
PG,Umbria,Gasolio,post,301,2703,2.2637169811320756,0.09652782222152252,2.19,2.398,0.14900000000000002,0.45578986311505737,0.20800000000000018
PG,Umbria,Gasolio,pre,300,2097,2.333757749165475,0.07096829248645323,2.289,2.398,0.06000000000000005,0.024320457796852647,0.10899999999999999
PI,Toscana,Benzina,post,187,1682,2.060555291319857,0.09357679155565751,1.99,2.179,0.15800000000000014,0.4780023781212842,0.18899999999999983
PI,Toscana,Benzina,pre,187,1307,2.148728385615914,0.06866123297316198,2.119,2.199,0.038000000000000256,0.02218821729150727,0.07999999999999963
PI,Toscana,Gasolio,post,186,1671,2.2653135846798325,0.11639996008402122,2.19,2.399,0.16900000000000004,0.49132256134051466,0.20900000000000007
PI,Toscana,Gasolio,pre,186,1300,2.343617692307692,0.09379390783161556,2.299,2.408,0.04499999999999993,0.024615384615384615,0.10899999999999999
PN,Friuli-Venezia Giulia,Benzina,post,114,1025,2.0570741463414635,0.07899118797816111,1.99,2.179,0.1439999999999999,0.4995121951219512,0.18899999999999983
PN,Friuli-Venezia Giulia,Benzina,pre,114,798,2.1796854636591476,0.050881465460922044,2.129,2.249,0.06600000000000028,0.002506265664160401,0.1200000000000001
PN,Friuli-Venezia Giulia,Gasolio,post,114,1025,2.259070243902439,0.08130171997166304,2.19,2.399,0.14700000000000024,0.5170731707317073,0.20900000000000007
PN,Friuli-Venezia Giulia,Gasolio,pre,114,798,2.372904761904762,0.041831183128596745,2.329,2.419,0.06000000000000005,0.0037593984962406013,0.08999999999999986
PO,Toscana,Benzina,post,66,594,2.0716296296296295,0.08441402541766953,1.99,2.189,0.16899999999999982,0.4595959595959596,0.19900000000000007
PO,Toscana,Benzina,pre,66,461,2.1667744034707157,0.027513496212371334,2.129,2.199,0.03699999999999992,0.0,0.06999999999999984
PO,Toscana,Gasolio,post,66,594,2.2746144781144784,0.08779725913018495,2.19,2.399,0.16800000000000015,0.4713804713804714,0.20900000000000007
PO,Toscana,Gasolio,pre,66,461,2.3657396963123642,0.034279185075972794,2.329,2.418,0.03999999999999959,0.0,0.08899999999999997
PR,Emilia-Romagna,Benzina,post,177,1590,2.064993710691824,0.0808854162274021,1.99,2.179,0.1489999999999998,0.43333333333333335,0.18899999999999983
PR,Emilia-Romagna,Benzina,pre,176,1231,2.150919577579204,0.041738549748475594,2.119,2.199,0.040000000000000036,0.010560519902518278,0.07999999999999963
PR,Emilia-Romagna,Gasolio,post,176,1583,2.264914718888187,0.08818294068852849,2.19,2.399,0.15700000000000003,0.4662034112444725,0.20900000000000007
PR,Emilia-Romagna,Gasolio,pre,175,1224,2.3392794117647058,0.06008614993391574,2.289,2.399,0.06400000000000006,0.014705882352941176,0.10999999999999988
PT,Toscana,Benzina,post,100,898,2.09876280623608,0.08111324424603135,1.99,2.179,0.17900000000000005,0.2962138084632517,0.18899999999999983
PT,Toscana,Benzina,pre,100,699,2.166838340486409,0.030167363446270436,2.128,2.199,0.040000000000000036,0.002861230329041488,0.07099999999999973
PT,Toscana,Gasolio,post,100,898,2.3045389755011136,0.08790933010028905,2.19,2.399,0.19499999999999984,0.30734966592427615,0.20900000000000007
PT,Toscana,Gasolio,pre,100,697,2.3665337159253945,0.03648758759338067,2.319,2.409,0.04800000000000004,0.0028694404591104736,0.08999999999999986
PU,Marche,Benzina,post,141,1267,2.0651894238358324,0.08742382167234092,1.99,2.159,0.1489999999999998,0.36464088397790057,0.16899999999999982
PU,Marche,Benzina,pre,141,986,2.1379523326572007,0.06672719488859391,2.119,2.169,0.029999999999999805,0.02231237322515213,0.04999999999999982
PU,Marche,Gasolio,post,142,1276,2.260811912225705,0.11985873010956635,2.19,2.379,0.15700000000000003,0.3847962382445141,0.18900000000000006
PU,Marche,Gasolio,pre,142,993,2.318026183282981,0.1091091461123103,2.288,2.379,0.058000000000000274,0.023162134944612285,0.09100000000000019
PV,Lombardia,Benzina,post,181,1629,2.0810558624923265,0.08583261064103344,1.99,2.198,0.15399999999999991,0.35359116022099446,0.20799999999999996
PV,Lombardia,Benzina,pre,181,1266,2.154160347551343,0.048204935124050136,2.119,2.199,0.03000000000000025,0.016587677725118485,0.07999999999999963
PV,Lombardia,Gasolio,post,181,1629,2.28468262737876,0.09920446126119888,2.19,2.399,0.16500000000000004,0.3830570902394107,0.20900000000000007
PV,Lombardia,Gasolio,pre,181,1266,2.3486840442338073,0.07003996384726482,2.289,2.415,0.06999999999999984,0.022906793048973143,0.1259999999999999
PZ,Basilicata,Benzina,post,145,1305,2.0832275862068967,0.11253714930907889,1.99,2.199,0.18899999999999983,0.4306513409961686,0.20899999999999985
PZ,Basilicata,Benzina,pre,145,1015,2.1668118226600983,0.08137612685439488,2.129,2.224,0.040000000000000036,0.027586206896551724,0.0950000000000002
PZ,Basilicata,Gasolio,post,145,1304,2.2694723926380367,0.12969698141665298,2.19,2.409,0.16900000000000004,0.46319018404907975,0.21899999999999986
PZ,Basilicata,Gasolio,pre,145,1015,2.3461773399014776,0.11316676214357677,2.299,2.424,0.06800000000000006,0.04039408866995074,0.125
RA,Emilia-Romagna,Benzina,post,142,1278,2.067334115805947,0.08334924462713826,1.99,2.159,0.1449999999999998,0.3794992175273865,0.16899999999999982
RA,Emilia-Romagna,Benzina,pre,142,993,2.1412396777442098,0.05435697195297062,2.109,2.189,0.03999999999999959,0.014098690835850957,0.08000000000000007
RA,Emilia-Romagna,Gasolio,post,141,1269,2.2723435776201732,0.08353621874609714,2.19,2.389,0.15500000000000025,0.4105594956658786,0.19899999999999984
RA,Emilia-Romagna,Gasolio,pre,141,986,2.346369168356998,0.04767241881266126,2.299,2.399,0.04100000000000037,0.014198782961460446,0.10000000000000009
RC,Calabria,Benzina,post,181,1625,2.0810116923076922,0.09098801136940843,1.99,2.199,0.17900000000000005,0.4338461538461538,0.20899999999999985
RC,Calabria,Benzina,pre,180,1260,2.176663492063492,0.037265670516905984,2.145,2.209,0.040000000000000036,0.005555555555555556,0.06400000000000006
RC,Calabria,Gasolio,post,181,1625,2.2784067692307692,0.09134430522482836,2.19,2.406,0.17900000000000027,0.45476923076923076,0.2160000000000002
RC,Calabria,Gasolio,pre,180,1260,2.362806349206349,0.04244511242615763,2.319,2.409,0.04999999999999982,0.011111111111111112,0.08999999999999986
RE,Emilia-Romagna,Benzina,post,190,1708,2.0634133489461357,0.08152601439196294,1.99,2.169,0.139,0.39344262295081966,0.17900000000000005
RE,Emilia-Romagna,Benzina,pre,189,1322,2.1507670196671707,0.050562859462710316,2.119,2.199,0.040000000000000036,0.00529500756429652,0.07999999999999963
RE,Emilia-Romagna,Gasolio,post,187,1681,2.2663033908387864,0.09370421189989844,2.19,2.398,0.14900000000000002,0.42415229030339086,0.20800000000000018
RE,Emilia-Romagna,Gasolio,pre,186,1299,2.347044649730562,0.06788600416216872,2.299,2.399,0.04999999999999982,0.01077752117013087,0.10000000000000009
RG,Sicilia,Benzina,post,149,1340,2.0847514925373134,0.08510427749857535,1.99,2.189,0.17900000000000005,0.3694029850746269,0.19900000000000007
RG,Sicilia,Benzina,pre,148,1036,2.1613339768339768,0.03166083003442943,2.144,2.189,0.029999999999999805,0.013513513513513514,0.04499999999999993
RG,Sicilia,Gasolio,post,149,1340,2.2845373134328355,0.09769311177545166,2.19,2.409,0.18900000000000006,0.4014925373134328,0.21899999999999986
RG,Sicilia,Gasolio,pre,148,1032,2.368111434108527,0.05093427979725528,2.339,2.409,0.04999999999999982,0.013565891472868217,0.06999999999999984
RI,Lazio,Benzina,post,79,711,2.079026722925457,0.11755444942942035,1.99,2.199,0.17999999999999994,0.38677918424753865,0.20899999999999985
RI,Lazio,Benzina,pre,79,547,2.141305301645338,0.1004342951677053,2.094,2.199,0.04900000000000038,0.06398537477148081,0.10499999999999998
RI,Lazio,Gasolio,post,79,711,2.2602756680731364,0.14462259758096993,2.189,2.399,0.16900000000000004,0.4177215189873418,0.20999999999999996
RI,Lazio,Gasolio,pre,79,547,2.311570383912249,0.1389088300912683,2.224,2.399,0.06200000000000028,0.08957952468007313,0.17499999999999982
RM,Lazio,Benzina,post,1142,10256,2.0518022620904834,0.0903917283420315,1.99,2.179,0.1439999999999999,0.5533346333853354,0.18899999999999983
RM,Lazio,Benzina,pre,1141,7977,2.1469147549203957,0.06517235465750061,2.109,2.199,0.04899999999999993,0.022940955246333206,0.08999999999999986
RM,Lazio,Gasolio,post,1136,10199,2.25110834395529,0.10307672989347023,2.19,2.399,0.13900000000000023,0.573095401509952,0.20900000000000007
RM,Lazio,Gasolio,pre,1135,7931,2.335497793468667,0.08499775585746602,2.289,2.399,0.06000000000000005,0.032782751229353174,0.10999999999999988
RN,Emilia-Romagna,Benzina,post,121,1089,2.067961432506887,0.07766055700368393,1.99,2.159,0.13400000000000012,0.3985307621671258,0.16899999999999982
RN,Emilia-Romagna,Benzina,pre,121,847,2.1392786304604487,0.03494234094271788,2.114,2.169,0.029999999999999805,0.0,0.05500000000000016
RN,Emilia-Romagna,Gasolio,post,120,1080,2.2699657407407408,0.07581738543137186,2.19,2.385,0.14400000000000013,0.412962962962963,0.19499999999999984
RN,Emilia-Romagna,Gasolio,pre,120,836,2.3380693779904305,0.03688801593813632,2.299,2.39,0.040999999999999925,0.008373205741626795,0.09100000000000019
RO,Veneto,Benzina,post,122,1098,2.046546448087432,0.1292591121647464,1.989,2.159,0.1489999999999998,0.4089253187613843,0.1699999999999997
RO,Veneto,Benzina,pre,122,850,2.1107117647058824,0.1280453319975082,2.114,2.169,0.03599999999999959,0.07411764705882352,0.05500000000000016
RO,Veneto,Gasolio,post,121,1089,2.2201441689623507,0.1892168903293589,2.189,2.359,0.129,0.4398530762167126,0.16999999999999993
RO,Veneto,Gasolio,pre,121,843,2.278570581257414,0.19599509346716018,2.274,2.379,0.050000000000000266,0.07473309608540925,0.10499999999999998
SA,Campania,Benzina,post,338,3042,2.094139053254438,0.10222885098887789,1.99,2.199,0.17999999999999972,0.3708086785009862,0.20899999999999985
SA,Campania,Benzina,pre,338,2365,2.165555602536998,0.06265317587847558,2.119,2.216,0.04200000000000026,0.014799154334038054,0.09699999999999998
SA,Campania,Gasolio,post,338,3042,2.283734714003945,0.10741078586510082,2.19,2.409,0.18000000000000016,0.40433925049309666,0.21899999999999986
SA,Campania,Gasolio,pre,338,2365,2.3537154334038055,0.07808302201950879,2.299,2.415,0.06899999999999995,0.015644820295983086,0.1160000000000001
SI,Toscana,Benzina,post,117,1053,2.08178252611586,0.09370618468375148,1.99,2.189,0.17299999999999982,0.43209876543209874,0.19900000000000007
SI,Toscana,Benzina,pre,117,818,2.166559902200489,0.04612345156559031,2.135,2.199,0.029999999999999805,0.011002444987775062,0.06400000000000006
SI,Toscana,Gasolio,post,117,1052,2.288869771863118,0.10002532105085968,2.19,2.399,0.18400000000000016,0.44201520912547526,0.20900000000000007
SI,Toscana,Gasolio,pre,117,818,2.3642591687041565,0.050982933955932064,2.329,2.41,0.041999999999999815,0.011002444987775062,0.08099999999999996
SO,Lombardia,Benzina,post,62,558,1.9819086021505377,0.21746325279746131,1.629,2.169,0.1489999999999998,0.510752688172043,0.54
SO,Lombardia,Benzina,pre,62,433,2.0446004618937645,0.20731134819970365,1.635,2.199,0.06999999999999984,0.21247113163972287,0.5639999999999998
SO,Lombardia,Gasolio,post,62,558,2.1635555555555555,0.2518737742695169,1.729,2.389,0.13900000000000023,0.514336917562724,0.6599999999999997
SO,Lombardia,Gasolio,pre,62,433,2.22035103926097,0.24655540209251306,1.728,2.39,0.10000000000000009,0.21247113163972287,0.6620000000000001
SP,Liguria,Benzina,post,67,603,2.0735207296849087,0.08561389114473043,1.99,2.198,0.17900000000000005,0.4577114427860697,0.20799999999999996
SP,Liguria,Benzina,pre,67,469,2.1621577825159917,0.035964141807180015,2.114,2.199,0.04700000000000015,0.0,0.08499999999999996
SP,Liguria,Gasolio,post,67,603,2.281563847429519,0.09275341771670498,2.19,2.399,0.19600000000000017,0.46102819237147596,0.20900000000000007
SP,Liguria,Gasolio,pre,67,469,2.3588379530916845,0.041971034080472196,2.299,2.41,0.054999999999999716,0.0021321961620469083,0.11100000000000021
SR,Sicilia,Benzina,post,144,1296,2.0762947530864198,0.09188233790441308,1.99,2.189,0.17400000000000015,0.42669753086419754,0.19900000000000007
SR,Sicilia,Benzina,pre,144,1007,2.1648460774577956,0.038365086508816704,2.145,2.198,0.02499999999999991,0.013902681231380337,0.052999999999999936
SR,Sicilia,Gasolio,post,144,1296,2.281008487654321,0.10518014297464441,2.19,2.42,0.19499999999999984,0.44675925925925924,0.22999999999999998
SR,Sicilia,Gasolio,pre,144,1008,2.3689960317460317,0.0683789312323002,2.329,2.419,0.04999999999999982,0.013888888888888888,0.08999999999999986
SS,Sardegna,Benzina,post,106,947,2.101803590285111,0.09422599720599441,1.99,2.219,0.18399999999999972,0.3326293558606125,0.22899999999999987
SS,Sardegna,Benzina,pre,106,738,2.178329268292683,0.03588128677425739,2.139,2.229,0.041999999999999815,0.0013550135501355014,0.0900000000000003
SS,Sardegna,Gasolio,post,106,947,2.3084530095036957,0.09910414076958396,2.19,2.439,0.20400000000000018,0.3505807814149947,0.2490000000000001
SS,Sardegna,Gasolio,pre,106,738,2.379906504065041,0.03991576185516605,2.339,2.429,0.04999999999999982,0.0013550135501355014,0.08999999999999986
SV,Liguria,Benzina,post,100,900,2.055337777777778,0.07799812692451415,1.99,2.176,0.14700000000000002,0.5422222222222223,0.18600000000000017
SV,Liguria,Benzina,pre,100,700,2.151132857142857,0.035046967143936195,2.117,2.189,0.04499999999999993,0.01,0.07200000000000006
SV,Liguria,Gasolio,post,100,900,2.2618966666666664,0.08917445744070579,2.19,2.399,0.15900000000000025,0.5466666666666666,0.20900000000000007
SV,Liguria,Gasolio,pre,100,700,2.3469185714285716,0.05029757455921672,2.289,2.399,0.05500000000000016,0.01,0.10999999999999988
TA,Puglia,Benzina,post,182,1638,2.076558608058608,0.09041218946268852,1.99,2.199,0.16899999999999982,0.4358974358974359,0.20899999999999985
TA,Puglia,Benzina,pre,182,1274,2.1620902668759814,0.04367428017573088,2.129,2.199,0.029999999999999805,0.012558869701726845,0.06999999999999984
TA,Puglia,Gasolio,post,182,1638,2.2669920634920637,0.09673092397743448,2.19,2.399,0.15900000000000025,0.47496947496947495,0.20900000000000007
TA,Puglia,Gasolio,pre,182,1272,2.3419701257861636,0.07003040176484303,2.289,2.399,0.04700000000000015,0.02908805031446541,0.10999999999999988
TE,Abruzzo,Benzina,post,131,1179,2.071357082273113,0.08847996074602872,1.99,2.198,0.16799999999999993,0.4385072094995759,0.20799999999999996
TE,Abruzzo,Benzina,pre,131,912,2.1460416666666666,0.05294250984512407,2.115,2.199,0.040000000000000036,0.03070175438596491,0.08399999999999963
TE,Abruzzo,Gasolio,post,131,1179,2.269091603053435,0.09608995903082344,2.189,2.399,0.15900000000000025,0.45122985581000846,0.20999999999999996
TE,Abruzzo,Gasolio,pre,131,912,2.332922149122807,0.07372911133293807,2.289,2.399,0.07000000000000028,0.05263157894736842,0.10999999999999988
TN,Trentino-Alto Adige/Südtirol,Benzina,post,198,1782,2.083093714927048,0.0892626207805777,1.99,2.199,0.17900000000000005,0.41470258136924804,0.20899999999999985
TN,Trentino-Alto Adige/Südtirol,Benzina,pre,198,1385,2.163980505415162,0.04101552710397858,2.119,2.199,0.040999999999999925,0.012996389891696752,0.07999999999999963
TN,Trentino-Alto Adige/Südtirol,Gasolio,post,198,1782,2.2836346801346803,0.09267441688247839,2.19,2.399,0.18900000000000006,0.4292929292929293,0.20900000000000007
TN,Trentino-Alto Adige/Südtirol,Gasolio,pre,198,1385,2.3549696750902527,0.05213195190298525,2.299,2.41,0.0519999999999996,0.018050541516245487,0.11100000000000021
TO,Piemonte,Benzina,post,633,5692,2.069290934645116,0.08766223077220066,1.99,2.179,0.1489999999999998,0.4358749121574139,0.18899999999999983
TO,Piemonte,Benzina,pre,632,4421,2.149631078941416,0.04750912579579706,2.117,2.199,0.040000000000000036,0.008821533589685591,0.08199999999999985
TO,Piemonte,Gasolio,post,632,5681,2.2761130082731915,0.09931047971795838,2.19,2.399,0.18800000000000017,0.4588980813237106,0.20900000000000007
TO,Piemonte,Gasolio,pre,631,4414,2.3503359764386045,0.06137438049564414,2.298,2.409,0.05999999999999961,0.01200724966017218,0.11099999999999977
TP,Sicilia,Benzina,post,175,1575,2.10676,0.09883984350087835,1.99,2.199,0.17500000000000004,0.2914285714285714,0.20899999999999985
TP,Sicilia,Benzina,pre,175,1224,2.174247549019608,0.057316781169533475,2.141,2.199,0.03500000000000014,0.0,0.05799999999999983
TP,Sicilia,Gasolio,post,175,1575,2.3018107936507937,0.09965229135278424,2.19,2.409,0.17500000000000027,0.30857142857142855,0.21899999999999986
TP,Sicilia,Gasolio,pre,175,1223,2.374790678659035,0.05821280176622301,2.329,2.419,0.053999999999999826,0.0,0.08999999999999986
TR,Umbria,Benzina,post,103,927,2.0661672060409924,0.0773890977070622,1.99,2.179,0.15400000000000014,0.43149946062567424,0.18899999999999983
TR,Umbria,Benzina,pre,103,721,2.148708737864078,0.031220604729165522,2.114,2.184,0.04999999999999982,0.0,0.07000000000000028
TR,Umbria,Gasolio,post,103,927,2.2600539374325783,0.0807422190858241,2.19,2.379,0.15700000000000003,0.5199568500539374,0.18900000000000006
TR,Umbria,Gasolio,pre,103,721,2.3271664355062414,0.046383216968042214,2.297,2.379,0.050000000000000266,0.04160887656033287,0.08199999999999985
TS,Friuli-Venezia Giulia,Benzina,post,30,270,2.1032592592592594,0.10672780672380518,1.99,2.229,0.22899999999999987,0.4111111111111111,0.2390000000000001
TS,Friuli-Venezia Giulia,Benzina,pre,30,210,2.205961904761905,0.03772246264153607,2.159,2.249,0.06000000000000005,0.0,0.0900000000000003
TS,Friuli-Venezia Giulia,Gasolio,post,30,270,2.3155444444444444,0.11734686242689824,2.19,2.469,0.23499999999999988,0.4148148148148148,0.2789999999999999
TS,Friuli-Venezia Giulia,Gasolio,pre,30,210,2.4062238095238095,0.04923036761457262,2.344,2.459,0.08499999999999996,0.0,0.11500000000000021
TV,Veneto,Benzina,post,290,2610,2.0676444444444444,0.07947369046314257,1.99,2.169,0.1439999999999999,0.3846743295019157,0.17900000000000005
TV,Veneto,Benzina,pre,290,2030,2.1542211822660096,0.05131564153474552,2.127,2.199,0.03000000000000025,0.007389162561576354,0.07200000000000006
TV,Veneto,Gasolio,post,288,2592,2.263837962962963,0.09205576554075942,2.19,2.389,0.13500000000000023,0.4050925925925926,0.19899999999999984
TV,Veneto,Gasolio,pre,288,2016,2.3472266865079363,0.07377043529561891,2.299,2.399,0.04400000000000004,0.008432539682539682,0.10000000000000009
UD,Friuli-Venezia Giulia,Benzina,post,212,1908,2.077425576519916,0.09819774584945445,1.99,2.199,0.18899999999999983,0.41037735849056606,0.20899999999999985
UD,Friuli-Venezia Giulia,Benzina,pre,212,1484,2.185162398921833,0.06072474104700477,2.138,2.239,0.05400000000000027,0.007412398921832884,0.10099999999999998
UD,Friuli-Venezia Giulia,Gasolio,post,211,1899,2.2801790416008427,0.10820632422187652,2.19,2.419,0.19899999999999984,0.4365455502896261,0.2290000000000001
UD,Friuli-Venezia Giulia,Gasolio,pre,211,1475,2.3722650847457625,0.07308479746150641,2.329,2.429,0.04999999999999982,0.009491525423728813,0.09999999999999964
VA,Lombardia,Benzina,post,224,2015,2.076155334987593,0.07619746592492956,1.99,2.169,0.15399999999999991,0.34540942928039703,0.17900000000000005
VA,Lombardia,Benzina,pre,224,1567,2.153382897255903,0.032547031120639086,2.129,2.189,0.03000000000000025,0.004467134652201659,0.06000000000000005
VA,Lombardia,Gasolio,post,224,2015,2.28403523573201,0.08786310247027256,2.19,2.399,0.18400000000000016,0.371712158808933,0.20900000000000007
VA,Lombardia,Gasolio,pre,224,1567,2.3535998723675813,0.049826904209728885,2.318,2.399,0.042999999999999705,0.013401403956604978,0.08099999999999996
VB,Piemonte,Benzina,post,56,504,2.0852420634920636,0.10413712924019691,1.99,2.219,0.17999999999999994,0.45634920634920634,0.22899999999999987
VB,Piemonte,Benzina,pre,56,392,2.1772168367346936,0.04580785425225448,2.129,2.219,0.04999999999999982,0.0,0.08999999999999986
VB,Piemonte,Gasolio,post,56,504,2.290740079365079,0.10467380886933642,2.19,2.439,0.20500000000000007,0.4722222222222222,0.2490000000000001
VB,Piemonte,Gasolio,pre,56,392,2.3724923469387758,0.04364879531654001,2.317,2.439,0.04999999999999982,0.0,0.12199999999999989
VC,Piemonte,Benzina,post,73,657,2.053931506849315,0.07019343827699809,1.99,2.149,0.12900000000000023,0.4611872146118721,0.15900000000000003
VC,Piemonte,Benzina,pre,73,511,2.1341135029354206,0.03693782313696266,2.099,2.169,0.0349999999999997,0.015655577299412915,0.06999999999999984
VC,Piemonte,Gasolio,post,73,657,2.260324200913242,0.08118457915196438,2.189,2.399,0.13900000000000023,0.4809741248097412,0.20999999999999996
VC,Piemonte,Gasolio,pre,73,511,2.3275088062622307,0.05143020609299828,2.279,2.399,0.05500000000000016,0.015655577299412915,0.1200000000000001
VE,Veneto,Benzina,post,254,2285,2.0587045951859957,0.08244106742373139,1.99,2.169,0.139,0.4827133479212254,0.17900000000000005
VE,Veneto,Benzina,pre,254,1778,2.1555500562429697,0.039069840968020166,2.119,2.199,0.04999999999999982,0.0005624296962879641,0.07999999999999963
VE,Veneto,Gasolio,post,251,2258,2.254971656333038,0.0865609882701166,2.189,2.389,0.10899999999999999,0.5403011514614703,0.19999999999999973
VE,Veneto,Gasolio,pre,251,1756,2.3481315489749433,0.04688979995987741,2.298,2.399,0.05799999999999983,0.004555808656036446,0.10099999999999998
VI,Veneto,Benzina,post,300,2696,2.062547106824926,0.08980580578277933,1.99,2.169,0.15500000000000003,0.48590504451038574,0.17900000000000005
VI,Veneto,Benzina,pre,300,2098,2.1468031458531933,0.060061340839526335,2.124,2.189,0.020000000000000018,0.013822688274547188,0.06499999999999995
VI,Veneto,Gasolio,post,299,2687,2.2575735020468928,0.10594109905089232,2.19,2.388,0.13900000000000023,0.4897655377744697,0.19799999999999995
VI,Veneto,Gasolio,pre,299,2089,2.3380292005744376,0.08929131157712558,2.299,2.399,0.040000000000000036,0.020105313547151747,0.10000000000000009
VR,Veneto,Benzina,post,320,2877,2.070638164754953,0.08865144105159754,1.99,2.179,0.15900000000000003,0.43899895724713245,0.18899999999999983
VR,Veneto,Benzina,pre,320,2235,2.1500299776286353,0.0536784542529335,2.124,2.199,0.03000000000000025,0.012080536912751677,0.07499999999999973
VR,Veneto,Gasolio,post,309,2777,2.2666773496579045,0.09615764198885982,2.19,2.399,0.15900000000000025,0.4720921858120274,0.20900000000000007
VR,Veneto,Gasolio,pre,309,2159,2.3420356646595644,0.07059226556933762,2.299,2.399,0.04300000000000015,0.02176933765632237,0.10000000000000009
VS,Sardegna,Benzina,post,41,362,2.0866104972375688,0.08946247731843476,1.99,2.199,0.17900000000000005,0.4198895027624309,0.20899999999999985
VS,Sardegna,Benzina,pre,41,285,2.1738736842105264,0.029796696848290775,2.149,2.219,0.03000000000000025,0.0,0.06999999999999984
VS,Sardegna,Gasolio,post,41,362,2.2894475138121546,0.09935012519404895,2.19,2.409,0.20900000000000007,0.4419889502762431,0.21899999999999986
VS,Sardegna,Gasolio,pre,41,285,2.369621052631579,0.03932337376472396,2.329,2.429,0.06000000000000005,0.0,0.09999999999999964
VT,Lazio,Benzina,post,151,1359,2.0402325239146433,0.1475348353124274,1.989,2.189,0.16899999999999982,0.4988962472406181,0.19999999999999996
VT,Lazio,Benzina,pre,151,1056,2.1191477272727273,0.150527983745762,2.079,2.199,0.0349999999999997,0.08617424242424243,0.11999999999999966
VT,Lazio,Gasolio,post,151,1358,2.2315920471281294,0.17611356203059614,2.189,2.399,0.16900000000000004,0.5257731958762887,0.20999999999999996
VT,Lazio,Gasolio,pre,151,1056,2.295819128787879,0.17917147510572826,2.189,2.399,0.050000000000000266,0.11931818181818182,0.20999999999999996
VV,Calabria,Benzina,post,52,468,2.084773504273504,0.09206170530362291,1.99,2.199,0.17500000000000004,0.4188034188034188,0.20899999999999985
VV,Calabria,Benzina,pre,52,364,2.1802912087912087,0.031938781484617235,2.149,2.207,0.040000000000000036,0.0,0.05799999999999983
VV,Calabria,Gasolio,post,52,468,2.2850470085470085,0.09348032766987736,2.19,2.406,0.18500000000000005,0.4337606837606838,0.2160000000000002
VV,Calabria,Gasolio,pre,52,364,2.3717554945054946,0.040068853928290835,2.325,2.42,0.04999999999999982,0.0,0.09499999999999975
